manual_curation,curation_notes,modelseed_id,kegg_id,equation,gene_id,ec_numbers,already_in_model,name,rxn_def,rev_dir
fail,KEGG reaction does not match KEGG ortholog IDs or E.C. numbers,,R01450,,AMN11334.1;WP_049589018.1,4.2.1.7,no,,,
fail,redundant w/rxn00011+rxn02342+rxn01871,rxn00154,R00209,NAD + CoA + Pyruvate => NADH + CO2 + Acetyl-CoA,WP_049586089.1;WP_049586087.1,1.2.1.104;1.2.1.-;1.2.1.M10;1.2.4.1;1.8.1.4;2.3.1.12,no,pyruvate:NAD+ 2-oxidoreductase (CoA-acetylating),"-1:cpd00003:0:0:""NAD"";-1:cpd00010:0:0:""CoA"";-1:cpd00020:0:0:""Pyruvate"";1:cpd00004:0:0:""NADH"";1:cpd00011:0:0:""CO2"";1:cpd00022:0:0:""Acetyl-CoA""",=
fail,redundant w/rxn00504,rxn00503,R00707,(2) H2O + NAD + 1-Pyrroline-5-carboxylate <=> NADH + L-Glutamate + H+,WP_014950684.1;WP_049587341.1,1.2.1.88;1.5.1.12,no,(S)-1-pyrroline-5-carboxylate:NAD+ oxidoreductase,"-2:cpd00001:0:0:""H2O"";-1:cpd00003:0:0:""NAD"";-1:cpd02431:0:0:""1-Pyrroline-5-carboxylate"";1:cpd00004:0:0:""NADH"";1:cpd00023:0:0:""L-Glutamate"";1:cpd00067:0:0:""H+""",=
fail,redundant w/rxn01387+rxn00199,rxn00505,R00709,NAD + Isocitrate => NADH + CO2 + 2-Oxoglutarate,WP_014948534.1,1.1.1.41;1.1.1.286,no,Isocitrate:NAD+ oxidoreductase (decarboxylating),"-1:cpd00003:0:0:""NAD"";-1:cpd00260:0:0:""Isocitrate"";1:cpd00004:0:0:""NADH"";1:cpd00011:0:0:""CO2"";1:cpd00024:0:0:""2-Oxoglutarate""",>
fail,redundant w/rxn00508,rxn00509,R00714,H2O + NADP + 4-Oxobutanoate <=> NADPH + Succinate + (2) H+,WP_049585438.1,1.2.1.79;1.2.1.79;1.2.1.16,no,Succinate-semialdehyde:NADP+ oxidoreductase,"-1:cpd00001:0:0:""H2O"";-1:cpd00006:0:0:""NADP"";-1:cpd00199:0:0:""4-Oxobutanoate"";1:cpd00005:0:0:""NADPH"";1:cpd00036:0:0:""Succinate"";2:cpd00067:0:0:""H+""",=
fail,redundant w/rxn00543,rxn00536,R00746,NADP + Ethanol <=> NADPH + H+ + Acetaldehyde,WP_080986362.1;WP_049588854.1;WP_049587342.1,1.1.1.2;1.1.1.71,no,Ethanol:NADP+ oxidoreductase,"-1:cpd00006:0:0:""NADP"";-1:cpd00363:0:0:""Ethanol"";1:cpd00005:0:0:""NADPH"";1:cpd00067:0:0:""H+"";1:cpd00071:0:0:""Acetaldehyde""",=
fail,"redundant w/rxn03990,rxn03991",rxn00567,R00783,H2O + Cytochrome c3+ + NO <= H+ + Nitrite + Cytochrome c2+,WP_041693510.1,4.4.1.1;1.7.2.1,no,nitric-oxide:ferricytochrome-c oxidoreductase,"-1:cpd00001:0:0:""H2O"";-1:cpd00109:0:0:""Cytochrome c3+"";-1:cpd00418:0:0:""NO"";1:cpd00067:0:0:""H+"";1:cpd00075:0:0:""Nitrite"";1:cpd00110:0:0:""Cytochrome c2+""",?
fail,redundant w/rxn09499+rxn09498,rxn00908,R01221,NAD + Glycine + Tetrahydrofolate => NADH + CO2 + NH3 + 5-10-Methylenetetrahydrofolate,WP_049587956.1;WP_014950360.1,2.1.2.10;1.4.1.27;1.4.4.2;1.8.1.4,no,glycine synthase,"-1:cpd00003:0:0:""NAD"";-1:cpd00033:0:0:""Glycine"";-1:cpd00087:0:0:""Tetrahydrofolate"";1:cpd00004:0:0:""NADH"";1:cpd00011:0:0:""CO2"";1:cpd00013:0:0:""NH3"";1:cpd00125:0:0:""5-10-Methylenetetrahydrofolate""",=
fail,redundant w/rxn00974+rxn01388,rxn00973,R01324,Citrate <=> Isocitrate,WP_049588093.1,4.2.1.3,no,citrate hydroxymutase,"-1:cpd00137:0:0:""Citrate"";1:cpd00260:0:0:""Isocitrate""",=
fail,unnecessary (see PR #211),rxn01171,R01602,D-Glucose <=> beta-D-Glucose,WP_049589083.1,5.1.3.3,no,D-glucose 1-epimerase,"-1:cpd00027:0:0:""D-Glucose"";1:cpd00190:0:0:""beta-D-Glucose""",=
fail,unnecessary (see PR #211),rxn01967,R02728,beta-D-Glucose 1-phosphate <=> beta-D-Glucose 6-phosphate,WP_014977981.1,5.4.2.6,no,"beta-D-Glucose 1-phosphate 1,6-phosphomutase","-1:cpd00501:0:0:""beta-D-Glucose 1-phosphate"";1:cpd00863:0:0:""beta-D-Glucose 6-phosphate""",=
fail,unnecessary (see PR #211),rxn01975,R02736,NADP + beta-D-Glucose 6-phosphate <=> NADPH + H+ + 6-phospho-D-glucono-1-5-lactone,WP_049587589.1,1.1.1.49,no,beta-D-Glucose-6-phosphate:NADP+ 1-oxoreductase,"-1:cpd00006:0:0:""NADP"";-1:cpd00863:0:0:""beta-D-Glucose 6-phosphate"";1:cpd00005:0:0:""NADPH"";1:cpd00067:0:0:""H+"";1:cpd00911:0:0:""6-phospho-D-glucono-1-5-lactone""",=
fail,unnecessary (see PR #211),rxn01975,R02736,"beta-D-Glucose 6-phosphate + NADP+ <=> D-Glucono-1,5-lactone 6-phosphate + NADPH + H+",WP_049587589.1,1.1.1.363;1.1.1.49,no,,,
fail,"redundant w/rxn00568,rxn00569",rxn03978,R05712,(2) H2O + NH3 + (6) Cytochrome c3+ <= (7) H+ + Nitrite + (6) Cytochrome c2+,WP_049585962.1,1.7.2.2,no,ammonia:ferricytochrome-c oxidoreductase,"-2:cpd00001:0:0:""H2O"";-1:cpd00013:0:0:""NH3"";-6:cpd00109:0:0:""Cytochrome c3+"";7:cpd00067:0:0:""H+"";1:cpd00075:0:0:""Nitrite"";6:cpd00110:0:0:""Cytochrome c2+""",?
fail,generic reaction,rxn05966,R01314,H2O + Lecithin <=> Carboxylic acid + H+ + 3-Lysolecithin,VTP52826.1,3.1.1.32,no,Phosphatidylcholine 1-acylhydrolase,"-1:cpd00001:0:0:""H2O"";-1:cpd11624:0:0:""Lecithin"";1:cpd00049:0:0:""Carboxylic acid"";1:cpd00067:0:0:""H+"";1:cpd02603:0:0:""3-Lysolecithin""",?
fail,generic reaction,rxn06037,R01778,NAD + (S)-3-Hydroxyacyl-CoA <=> NADH + H+ + 3-Oxoacyl-CoA,WP_049588754.1,1.1.1.35;1.1.1.-;1.1.1.211,no,(3S)-3-Hydroxyacyl-CoA:NAD+ oxidoreductase,"-1:cpd00003:0:0:""NAD"";-1:cpd11718:0:0:""(S)-3-Hydroxyacyl-CoA"";1:cpd00004:0:0:""NADH"";1:cpd00067:0:0:""H+"";1:cpd11637:0:0:""3-Oxoacyl-CoA""",?
fail,generic reaction,rxn06090,R02055,H+ + ps_BS => CO2 + Phosphatidylethanolamine,WP_014948076.1,4.1.1.65,no,Phsophatidyl-L-serine carboxy-lyase,"-1:cpd00067:0:0:""H+"";-1:cpd11455:0:0:""ps_BS"";1:cpd00011:0:0:""CO2"";1:cpd11456:0:0:""Phosphatidylethanolamine""",?
fail,generic reaction,rxn06098,R02114,Sterol + Lecithin <=> 2-Lysolecithin + Steryl ester,WP_039228347.1;WP_014976917.1,3.1.1.4;2.3.1.43,no,Phosphatidylcholine:sterol O-acyltransferase,"-1:cpd00301:0:0:""Sterol"";-1:cpd11624:0:0:""Lecithin"";1:cpd02601:0:0:""2-Lysolecithin"";1:cpd11979:0:0:""Steryl ester""",?
fail,redundant w/rxn08975,rxn06108,R02163,NAD + QH2 <= NADH + H+ + Q,WP_014951193.1,1.6.5.9;1.6.5.3;1.6.5.8,no,NADH:ubiquinone oxidoreductase,"-1:cpd00003:0:0:""NAD"";-1:cpd11665:0:0:""QH2"";1:cpd00004:0:0:""NADH"";1:cpd00067:0:0:""H+"";1:cpd11669:0:0:""Q""",?
fail,generic reaction,rxn06253,R02820,NADP + Alditol <=> NADPH + H+ + Aldose,WP_039225720.1,1.1.1.21,no,Alditol:NADP+ 1-oxidoreductase,"-1:cpd00006:0:0:""NADP"";-1:cpd11734:0:0:""Alditol"";1:cpd00005:0:0:""NADPH"";1:cpd00067:0:0:""H+"";1:cpd11854:0:0:""Aldose""",?
fail,redundant w/rxn09499,rxn06377,R03425,Glycine + H+ + Lipoylprotein <=> CO2 + S-Aminomethyldihydrolipoylprotein,WP_049587964.1,1.4.4.2,no,glycine:lipoylprotein oxidoreductase (decarboxylating and acceptor-aminomethylating),"-1:cpd00033:0:0:""Glycine"";-1:cpd00067:0:0:""H+"";-1:cpd12005:0:0:""Lipoylprotein"";1:cpd00011:0:0:""CO2"";1:cpd11830:0:0:""S-Aminomethyldihydrolipoylprotein""",?
fail,redundant w/rxn01241,rxn06493,R03815,NAD + Dihydrolipolprotein <=> NADH + H+ + Lipoylprotein,WP_049586089.1,1.8.1.4,no,dihydrolipoylprotein:NAD+ oxidoreductase,"-1:cpd00003:0:0:""NAD"";-1:cpd12225:0:0:""Dihydrolipolprotein"";1:cpd00004:0:0:""NADH"";1:cpd00067:0:0:""H+"";1:cpd12005:0:0:""Lipoylprotein""",?
fail,not metabolic,rxn06538,R03940,10-Formyltetrahydrofolate + L-Methionyl-tRNA => H+ + Tetrahydrofolate + N-Formylmethionyl-tRNA,WP_039228916.1,2.1.2.9,no,10-Formyltetrahydrofolate:L-methionyl-tRNA N-formyltransferase,"-1:cpd00201:0:0:""10-Formyltetrahydrofolate"";-1:cpd12105:0:0:""L-Methionyl-tRNA"";1:cpd00067:0:0:""H+"";1:cpd00087:0:0:""Tetrahydrofolate"";1:cpd12285:0:0:""N-Formylmethionyl-tRNA""",?
fail,not metabolic,rxn06550,R03993,H2O + [Pyruvate kinase] phosphate => Phosphate + H+ + [Pyruvate kinase],WP_049585851.1,2.3.1.16;3.1.3.49,no,[Pyruvate kinase] phosphate phosphohydrolase,"-1:cpd00001:0:0:""H2O"";-1:cpd12396:0:0:""[Pyruvate kinase] phosphate"";1:cpd00009:0:0:""Phosphate"";1:cpd00067:0:0:""H+"";1:cpd12143:0:0:""[Pyruvate kinase]""",?
fail,redundant w/rxn09498,rxn06600,R04125,Tetrahydrofolate + S-Aminomethyldihydrolipoylprotein => NH3 + 5-10-Methylenetetrahydrofolate + Dihydrolipolprotein,WP_049587956.1,2.1.2.10,no,S-aminomethyldihydrolipoylprotein:(6S)-tetrahydrofolate aminomethyltransferase (ammonia-forming),"-1:cpd00087:0:0:""Tetrahydrofolate"";-1:cpd11830:0:0:""S-Aminomethyldihydrolipoylprotein"";1:cpd00013:0:0:""NH3"";1:cpd00125:0:0:""5-10-Methylenetetrahydrofolate"";1:cpd12225:0:0:""Dihydrolipolprotein""",?
fail,redundant w/rxn09498,rxn06680,R04401,ATP + [Isocitrate dehydrogenase (NADP+)] <=> ADP + H+ + [Isocitrate dehydrogenase (NADP+)] phosphate,WP_049586015.1,2.7.11.5,no,ATP:[isocitrate dehydrogenase (NADP+)] phosphotransferase,"-1:cpd00002:0:0:""ATP"";-1:cpd12467:0:0:""[Isocitrate dehydrogenase (NADP+)]"";1:cpd00008:0:0:""ADP"";1:cpd00067:0:0:H+;1:cpd12573:0:0:""[Isocitrate dehydrogenase (NADP+)] phosphate""",?
fail,generic reaction,rxn11968,R02851,D-Lysine + 2-Oxo acid <=> 2-Oxo-6-aminocaproate + D-Amino acid,WP_049587284.1,2.6.1.21,no,D-Lysine:2-oxocarboxylate aminotransferase,"-1:cpd00549:0:0:""D-Lysine"";-1:cpd11625:0:0:""2-Oxo acid"";1:cpd02074:0:0:""2-Oxo-6-aminocaproate"";1:cpd11673:0:0:""D-Amino acid""",?
fail,"redundant w/rxn09001,rxn09003,rxn14427",rxn11973,R03071,(3) H+ + Nitrate + (2) Ferrocytochrome => H2O + Nitrite + (2) Ferricytochrome,WP_049586998.1,1.9.6.1,no,ferrocytochrome:nitrate oxidoreductase,"-3:cpd00067:0:0:""H+"";-1:cpd00209:0:0:""Nitrate"";-2:cpd00686:0:0:""Ferrocytochrome"";1:cpd00001:0:0:""H2O"";1:cpd00075:0:0:""Nitrite"";2:cpd00685:0:0:""Ferricytochrome""",?
fail,unnecessary (see PR #211),rxn12204,R08639,Glucose-1-phosphate <=> beta-D-Glucose 6-phosphate,WP_049588979.1,5.4.2.2,no,"alpha-D-glucose 1,6-phosphomutase","-1:cpd00089:0:0:""Glucose-1-phosphate"";1:cpd00863:0:0:""beta-D-Glucose 6-phosphate""",=
fail,unnecessary (see PR #211),rxn15116,R01070,"beta-D-Fructose 1,6-bisphosphate <=> Glycerone-phosphate + Glyceraldehyde3-phosphate",WP_049586194.1,4.1.2.13,no,"beta-D-fructose-1,6-bisphosphate D-glyceraldehyde-3-phosphate-lyase (glycerone-phosphate-forming)","-1:cpd19036:0:0:""beta-D-Fructose 1,6-bisphosphate"";1:cpd00095:0:0:""Glycerone-phosphate"";1:cpd00102:0:0:""Glyceraldehyde3-phosphate""",=
fail,unnecessary (see PR #211),rxn15364,R02740,alpha-D-Glucose 6-phosphate <=> beta-D-Fructose 6-phosphate,WP_049586025.1,5.3.1.9,no,alpha-D-Glucose 6-phosphate ketol-isomerase,"-1:cpd19006:0:0:""alpha-D-Glucose 6-phosphate"";1:cpd19035:0:0:""beta-D-Fructose 6-phosphate""",=
fail,unnecessary (see PR #211),rxn15493,R04779,"ATP + beta-D-Fructose 6-phosphate => ADP + H+ + beta-D-Fructose 1,6-bisphosphate",WP_049586246.1,2.7.1.11,no,ATP:D-fructose-6-phosphate 1-phosphotransferase,"-1:cpd00002:0:0:""ATP"";-1:cpd19035:0:0:""beta-D-Fructose 6-phosphate"";1:cpd00008:0:0:""ADP"";1:cpd00067:0:0:""H+"";1:cpd19036:0:0:""beta-D-Fructose 1,6-bisphosphate""",=
fail,unnecessary (see PR #211),rxn15494,R04780,"H2O + beta-D-Fructose 1,6-bisphosphate <=> Phosphate + beta-D-Fructose 6-phosphate",WP_049587083.1,3.1.3.11,no,"beta-D-Fructose 1,6-bisphosphate 1-phosphohydrolase","-1:cpd00001:0:0:""H2O"";-1:cpd19036:0:0:""beta-D-Fructose 1,6-bisphosphate"";1:cpd00009:0:0:""Phosphate"";1:cpd19035:0:0:""beta-D-Fructose 6-phosphate""",=
fail,redundant w/rxn01241,rxn15694,R07618,NAD + Enzyme N6-(dihydrolipoyl)lysine <=> NADH + H+ + Enzyme N6-(lipoyl)lysine,WP_049586089.1,1.8.1.4,no,enzyme N6-(dihydrolipoyl)lysine:NAD+ oxidoreductase,"-1:cpd00003:0:0:""NAD"";-1:cpd19172:0:0:""Enzyme N6-(dihydrolipoyl)lysine"";1:cpd00004:0:0:""NADH"";1:cpd00067:0:0:""H+"";1:cpd19171:0:0:""Enzyme N6-(lipoyl)lysine""",?
fail,redundant w/rxn01201,rxn16141,R09281,NADP + 4-Hydroxybutanoate <=> NADPH + H+ + 4-Oxobutanoate,WP_039227754.1,1.1.1.-;1.1.1.co;1.2.1.16,no,R09281,"-1:cpd00006:0:0:""NADP"";-1:cpd00728:0:0:""4-Hydroxybutanoate"";1:cpd00005:0:0:""NADPH"";1:cpd00067:0:0:""H+"";1:cpd00199:0:0:""4-Oxobutanoate""",=
fail,redundant w/rxn00868,rxn16586,R09738,NADP + Butyryl-CoA <= NADPH + H+ + Crotonyl-CoA,WP_014949760.1,1.3.1.86;1.3.1.38,no,"butanoyl-CoA:NADP+ 2,3-oxidoreductase","-1:cpd00006:0:0:""NADP"";-1:cpd00120:0:0:""Butyryl-CoA"";1:cpd00005:0:0:""NADPH"";1:cpd00067:0:0:""H+"";1:cpd00650:0:0:""Crotonyl-CoA""",=
fail,redundant w/rxn00668,rxn40050,R10161,NAD + Propionyl-CoA <=> NADH + H+ + Acrylyl-CoA,WP_039227752.1,1.3.1.95,no,propanoyl-CoA:NAD+ oxidoreductase,-1:cpd00003:0:0:NAD;-1:cpd00086:0:0:Propionyl-CoA;1:cpd00004:0:0:NADH;1:cpd00067:0:0:H+;1:cpd00663:0:0:Acrylyl-CoA,=
fail,3-oxo-3-ureidoisobutyrate not in ModelSEED,,R10778,3-Oxo-3-ureidoisobutyrate + H2O <=> Methylmalonate + Urea,WP_049585490.1,3.5.1.95,no,,,
fail,generic reaction,,R00798,Nitrite + Acceptor + H2O <=> Nitrate + Reduced acceptor,WP_049586998.1;WP_049586997.1,1.7.99.4,no,,,
fail,generic reaction,,R02362,Pectin + n H2O <=> n Methanol + Pectate,WP_049586918.1,3.1.1.11,no,,,
fail,generic reaction,,R07291,1-Acyl-sn-glycero-3-phosphocholine + H2O <=> sn-Glycero-3-phosphocholine + Carboxylate,WP_039231048.1;WP_049586851.1;WP_014976407.1,3.1.1.5,no,,,
fail,invalid KEGG ID,,R002740,,WP_049586025.1,5.3.1.9,no,,,
fail,invalid KEGG ID,,R01865,,WP_014948660.1,2.4.2.1,no,,,
fail,redundant w/rxn00668,,R04432,Electron-transferring flavoprotein + Propanoyl-CoA <=> Reduced electron-transferring flavoprotein + Propenoyl-CoA,WP_049589161.1,1.3.8.1,no,,,
fail,redundant w/rxn11412+rxn11415,,R11325,2 Ubiquinol + Oxygen + 4 H+ <=> 2 Ubiquinone + 2 H2O + 4 H+,WP_049586746.1;WP_049586745.1,7.1.1.7,no,,,
fail,redundant w/rxn00508,,R00714,Succinate semialdehyde + NADP+ + H2O <=> Succinate + NADPH + H+,WP_049585438.1,1.2.1.16,no,,,
fail,"redundant w/rxn00567,rxn05890",,R00784,Nitric oxide + H2O + Ferricytochrome c2 <=> Nitrite + Ferrocytochrome c2 + H+,WP_041693510.1,4.4.1.13,no,,,
fail,invalid KEGG ID,,R00786,,WP_041693510.1,4.4.1.1,no,,,
fail,"redundant w/rxn00568,rxn00569",,R00790,Ammonia + 2 H2O + 6 Oxidized ferredoxin <=> Nitrite + 6 Reduced ferredoxin + 6 H+,WP_039227383.1,1.7.7.1,no,,,
fail,"redundant w/rxn09001,rxn09003,rxn14427",,R00791,Nitrite + H2O + 2 Oxidized ferredoxin <=> Nitrate + 2 Reduced ferredoxin,WP_049586998.1,1.7.7.2,no,,,
fail,generic reaction,,R01253,L-Proline + Quinone <=> (S)-1-Pyrroline-5-carboxylate + Hydroquinone,WP_049587341.1,1.5.5.2,no,,,
fail,generic reaction,,R02333,Chitin + n H2O <=> Chitosan + n Acetate,WP_049588806.1,3.5.1.41,no,,,
fail,redundant w/rxn01802,,R02488,Glutaryl-CoA + Electron-transferring flavoprotein <=> Crotonoyl-CoA + Reduced electron-transferring flavoprotein + CO2,WP_049586522.1,1.3.8.6,no,,,
fail,redundant w/rxn01924,,R02661,2-Methylpropanoyl-CoA + Acceptor <=> 2-Methylprop-2-enoyl-CoA + Reduced acceptor,WP_049589161.1;WP_014947786.1,1.3.8.1;1.3.8.7,no,,,
fail,generic reaction,,R04320,Pectate + H2O <=> Pectate + D-Galacturonate,WP_049587907.1,3.2.1.67,no,,,
fail,"redundant w/rxn09001,rxn09003,rxn14427",,R09497,Nitrate + Hydroquinone <=> Nitrite + Quinone + H2O,WP_049586997.1,1.7.5.1,no,,,
fail,redundant w/rxn01286,,R10324,D-Glyceraldehyde + H2O + Acceptor <=> D-Glycerate + Reduced acceptor,WP_049588805.1;WP_039228167.1,1.2.99.8,no,,,
fail,unnecessary (see PR #211),,R10819,alpha-L-Rhamnose <=> beta-L-Rhamnose,WP_049588504.1,5.1.3.32,no,,,
fail,generic reaction,,R11543,"Sulfoquinovosyldiacylglycerol + H2O <=> 6-Sulfo-alpha-D-quinovose + 1,2-Diacyl-sn-glycerol",WP_049585469.1,3.2.1.199,no,,,
fail,"redundant w/rxn00868,rxn00872",,R11675,Butanoyl-CoA + 2 NAD+ + 2 Reduced ferredoxin <=> Crotonoyl-CoA + 2 NADH + 2 Oxidized ferredoxin,WP_014976738.1;WP_014949735.1;WP_049586522.1,1.3.1.109,no,,,
fail,generic reaction,,R13010,D-Glucoside + Ferricytochrome c <=> 3-Dehydro-D-glucoside + Ferrocytochrome c,WP_015066066.1,1.1.2.11,no,,,
fail,already in model,rxn00182,R00243,,WP_049587678.1,1.4.1.3,yes,,,
fail,already in model,rxn00184,R00248,,WP_049587678.1,1.4.1.3,yes,,,
fail,already in model,rxn00508,R00713,Succinate semialdehyde + NAD+ + H2O <=> Succinate + NADH + H+,WP_049585438.1,1.2.1.16,yes,,,
fail,already in model,rxn00568,R00787,,WP_049586997.1;WP_014975661.1,1.7.1.4;1.7.1.15,yes,,,
fail,already in model,rxn00569,R00789,,WP_049586997.1;WP_014975661.1,1.7.1.4;1.7.1.15,yes,,,
fail,already in model,rxn00604,R00835,,WP_049587589.1,1.1.1.363;1.1.1.49,yes,,,
fail,already in model,rxn00728,R00987,,WP_080986392.1,3.7.1.3,yes,,,
fail,already in model,rxn00929,R01248,,WP_049586037.1,1.5.1.2,yes,,,
fail,already in model,rxn01115,R01528,,WP_014998709.1,1.1.1.44;1.1.1.343,yes,,,
fail,already in model,rxn01248,R01251,,WP_049586037.1,1.5.1.2,yes,,,
fail,already in model,rxn01930,R02668,,WP_080986392.1,3.7.1.3,yes,,,
fail,already in model,rxn04792,R06983,,WP_049586019.1,1.1.1.284,yes,,,
fail,already in model,rxn04938,R07140,,WP_049586019.1,1.1.1.284,yes,,,
fail,already in model,rxn11040,R10221,,WP_014998709.1,1.1.1.44;1.1.1.343,yes,,,
fail,invalid protein accession,rxn16828,R09982,(Z)-3-Peroxyaminoacrylate <=> Aminoacrylate,VTO41005.1,3.5.1.-,yes,,,
fail,already in model,rxn25278,R11264,2-methyl-trans-aconitate <=> cis-2-Methylaconitate,WP_049588095.1,5.3.3.-,yes,,,
fail,already in model,rxn25279,R11263,2-Methylcitrate <=> 2-Methyl-trans-aconitate + H2O,WP_049588093.1,4.2.1.117,yes,,,
fail,already in model,rxn45861,R08414,"(S)-2,3,4,5-Tetrahydropyridine-2-carboxylate <=> L-Pipecolate",WP_049588112.1,nan,yes,,,
pass,resolved GPR,rxn00196,R00264,"H2O + NADP + 2,5-Dioxopentanoate <=> NADPH + 2-Oxoglutarate + (2) H+",WP_049588591.1 or WP_014950281.1,1.2.1.26;1.2.1.3,no,"2,5-dioxopentanoate:NADP+ 5-oxidoreductase","-1:cpd00001:0:0:""H2O"";-1:cpd00006:0:0:""NADP"";-1:cpd00340:0:0:""2,5-Dioxopentanoate"";1:cpd00005:0:0:""NADPH"";1:cpd00024:0:0:""2-Oxoglutarate"";2:cpd00067:0:0:""H+""",=
pass,edited E.C.s; removed invalid protein accession,rxn00275,R00372,2-Oxoglutarate + Glycine <=> L-Glutamate + Glyoxalate,WP_049588781.1,2.6.1.4,no,Glycine:2-oxoglutarate aminotransferase,"-1:cpd00024:0:0:""2-Oxoglutarate"";-1:cpd00033:0:0:""Glycine"";1:cpd00023:0:0:""L-Glutamate"";1:cpd00040:0:0:""Glyoxalate""",=
pass,resolved GPR,rxn00320,R00460,L-Lysine <=> D-Lysine,WP_080760048.1 or WP_049588368.1,5.1.1.5,no,lysine racemase,"-1:cpd00039:0:0:""L-Lysine"";1:cpd00549:0:0:""D-Lysine""",=
pass,resolved GPR; edited E.C.s,rxn00324,R00465,NADP + Glycolate <=> NADPH + Glyoxalate + H+,WP_049586098.1 or WP_039227754.1,1.1.1.79,no,glycolate:NADP+ oxidoreductase,"-1:cpd00006:0:0:""NADP"";-1:cpd00139:0:0:""Glycolate"";1:cpd00005:0:0:""NADPH"";1:cpd00040:0:0:""Glyoxalate"";1:cpd00067:0:0:""H+""",=
pass,resolved GPR,rxn00512,R00717,NAD + Glycolate <=> NADH + Glyoxalate + H+,WP_049586436.1 or WP_049586233.1 or WP_049586098.1 or WP_039227754.1,1.1.1.26,no,Glycolate:NAD+ oxidoreductase,"-1:cpd00003:0:0:""NAD"";-1:cpd00139:0:0:""Glycolate"";1:cpd00004:0:0:""NADH"";1:cpd00040:0:0:""Glyoxalate"";1:cpd00067:0:0:""H+""",=
pass,resolved GPR; fixed direction; edited E.C.s,rxn00598,R00829,CoA + 3-Oxoadipyl-CoA => Acetyl-CoA + Succinyl-CoA,WP_049585851.1 or WP_049588755.1 or WP_024015658.1,2.3.1.174,no,Succinyl-CoA:acetyl-CoA C-acyltransferase,"1:cpd00022:0:0:""Acetyl-CoA"";1:cpd00078:0:0:""Succinyl-CoA"";-1:cpd00010:0:0:""CoA"";-1:cpd01507:0:0:""3-Oxoadipyl-CoA""",=
pass,resolved GPR,rxn00654,R00905,H2O + (2) H+ + 3-Ureidopropanoate => CO2 + NH3 + beta-Alanine,WP_039229281.1 or WP_049588841.1,3.5.1.6,no,N-Carbamoyl-beta-alanine amidohydrolase,"-1:cpd00001:0:0:""H2O"";-2:cpd00067:0:0:""H+"";-1:cpd01720:0:0:""3-Ureidopropanoate"";1:cpd00011:0:0:""CO2"";1:cpd00013:0:0:""NH3"";1:cpd00085:0:0:""beta-Alanine""",>
pass,resolved GPR,rxn00762,R01034,NAD + Glycerol <=> NADH + H+ + Glycerone,WP_049586860.1 or WP_049588707.1,1.1.1.6,no,glycerol:NAD+ 2-oxidoreductase,"-1:cpd00003:0:0:""NAD"";-1:cpd00100:0:0:""Glycerol"";1:cpd00004:0:0:""NADH"";1:cpd00067:0:0:""H+"";1:cpd00157:0:0:""Glycerone""",=
pass,figure out GPR; edited E.C.s,rxn00779,R01058,H2O + NADP + Glyceraldehyde3-phosphate <=> NADPH + (2) H+ + 3-Phosphoglycerate,WP_014950281.1 or WP_049585722.1,1.2.1.9,no,D-glyceraldehyde 3-phosphate:NADP+ oxidoreductase,"-1:cpd00001:0:0:""H2O"";-1:cpd00006:0:0:""NADP"";-1:cpd00102:0:0:""Glyceraldehyde3-phosphate"";1:cpd00005:0:0:""NADPH"";2:cpd00067:0:0:""H+"";1:cpd00169:0:0:""3-Phosphoglycerate""",=
pass,resolved GPR,rxn00875,R01179,Acetate + Butyryl-CoA <=> Acetyl-CoA + Butyrate,WP_049586255.1 and WP_049586254.1,2.8.3.8,no,Butanoyl-CoA:acetate CoA-transferase,"-1:cpd00029:0:0:""Acetate"";-1:cpd00120:0:0:""Butyryl-CoA"";1:cpd00022:0:0:""Acetyl-CoA"";1:cpd00211:0:0:""Butyrate""",=
pass,resolved GPR,rxn00994,R01365,Butyryl-CoA + Acetoacetate <=> Butyrate + Acetoacetyl-CoA,WP_049586255.1 and WP_049586254.1,2.8.3.9,no,Butanoyl-CoA:acetoacetate CoA-transferase,"-1:cpd00120:0:0:""Butyryl-CoA"";-1:cpd00142:0:0:""Acetoacetate"";1:cpd00211:0:0:""Butyrate"";1:cpd00279:0:0:""Acetoacetyl-CoA""",=
pass,resolved GPR; edited E.C.s,rxn01201,R01644,NAD + 4-Hydroxybutanoate <=> NADH + H+ + 4-Oxobutanoate,WP_049588907.1 or WP_085929484.1,1.1.1.61,no,4-Hydroxybutanoate:NAD+ oxidoreductase,"-1:cpd00003:0:0:""NAD"";-1:cpd00728:0:0:""4-Hydroxybutanoate"";1:cpd00004:0:0:""NADH"";1:cpd00067:0:0:""H+"";1:cpd00199:0:0:""4-Oxobutanoate""",=
fail,already in model,rxn01480,R02047;R05066,NAD + 3-Hydroxyisobutyrate <=> NADH + H+ + 3-Oxo-2-methylpropanoate,WP_085929484.1 or WP_049588754.1,1.1.1.31,yes,3-Hydroxy-2-methylpropanoate:NAD+ oxidoreductase,"-1:cpd00003:0:0:""NAD"";-1:cpd00876:0:0:""3-Hydroxyisobutyrate"";1:cpd00004:0:0:""NADH"";1:cpd00067:0:0:""H+"";1:cpd00287:0:0:""3-Oxo-2-methylpropanoate""",=
pass,resolved GPR,rxn01560,R02167,"H2O + D-mannitol, 1-(dihydrogenphosphate) <=> Phosphate + D-Mannitol",WP_014977981.1 or WP_049587310.1,3.1.3.22,no,D-Mannitol-1-phosphate phosphohydrolase,"-1:cpd00001:0:0:""H2O"";-1:cpd27436:0:0:D-mannitol, 1-(dihydrogenphosphate);1:cpd00009:0:0:""Phosphate"";1:cpd00314:0:0:""D-Mannitol""",=
pass,resolved GPR; edited ModelSEED & KEGG IDs; fixed reversibility,rxn01685,R09078,Diacetyl + NADH + H+ => (S)-Acetoin + NAD+,WP_014976326.1 or WP_049588500.1,1.1.1.304,no,Acetoin:NAD+ oxidoreductase,"-1:cpd00003:0:0:""NAD"";-1:cpd00361:0:0:""ACTN"";1:cpd00004:0:0:""NADH"";1:cpd00067:0:0:""H+"";1:cpd00551:0:0:""DTYL""",>
pass,resolved GPR,rxn01753,R02429,D-Xylonate => H2O + 2-Dehydro-3-deoxy-D-xylonate,WP_014975676.1 or WP_014977810.1,4.2.1.82,no,D-Xylonate hydro-lyase,"-1:cpd00391:0:0:""D-Xylonate"";1:cpd00001:0:0:""H2O"";1:cpd02386:0:0:""2-Dehydro-3-deoxy-D-xylonate""",>
pass,resolved GPR,rxn01906,R02619,2-Oxoglutarate + 3-Sulfinoalanine <=> L-Glutamate + 3-Sulfinopyruvate,WP_049587271.1 or WP_014949721.1,2.6.1.1,no,3-sulfino-L-alanine:2-oxoglutarate aminotransferase,"-1:cpd00024:0:0:""2-Oxoglutarate"";-1:cpd00467:0:0:""3-Sulfinoalanine"";1:cpd00023:0:0:""L-Glutamate"";1:cpd03284:0:0:""3-Sulfinopyruvate""",=
pass,resolved GPR,rxn02749,R03896,D-Citramalate <=> H2O + Citraconate,WP_049585948.1 and WP_049585947.1,4.2.1.35,no,(R)-2-Methylmalate hydro-lyase,"-1:cpd01700:0:0:""D-Citramalate"";1:cpd00001:0:0:""H2O"";1:cpd01502:0:0:""Citraconate""",=
pass,resolved GPR; added ModelSEED ID; edited E.C.s,rxn11732,R08198,NAD + 2-Hydroxyglutarate <=> NADH + 2-Oxoglutarate + H+,WP_049586098.1 or WP_049586233.1,1.1.1.399;1.1.1.95,no,(R)-2-hydroxyglutarate:NAD+ 2-oxidireductase,"-1:cpd00003:0:0:""NAD"";-1:cpd01709:0:0:""2-Hydroxyglutarate"";1:cpd00004:0:0:""NADH"";1:cpd00024:0:0:""2-Oxoglutarate"";1:cpd00067:0:0:""H+""",=
pass,fixed direction,rxn05890,R00785,H+ + Nitrite + Reduced azurin => H2O + NO + Oxidized azurin,WP_049588230.1,4.4.1.13;1.7.2.1,no,nitric-oxide:oxidized azurin oxidoreductase,"1:cpd00001:0:0:""H2O"";1:cpd00418:0:0:""NO"";1:cpd12711:0:0:""Oxidized azurin"";-1:cpd00067:0:0:""H+"";-1:cpd00075:0:0:""Nitrite"";-1:cpd12712:0:0:""Reduced azurin""",?
pass,not in ModelSEED,aminopent_redox,R12215,5-Aminopentanal + NAD+ + H2O <=> 5-Aminopentanoate + NADH + H+,WP_014950684.1,1.2.1.19,no,5-aminopentanal:NAD+ 1-oxidoreductase,"-1:cpd09206:0:0:""5-Aminopentanal"";-1:cpd00003:0:0:""NAD"";-1:cpd00001:0:0:""H2O"";1:cpd00339:0:0:""5-Aminopentanoate"";1:cpd00004:0:0:""NADH"";1:cpd00067:0:0:""H+""",=
pass,not in ModelSEED,cadaverine_amino_xfer,R12214,Cadaverine + 2-Oxoglutarate <=> 5-Aminopentanal + L-Glutamate,WP_049588781.1,2.6.1.82,no,Cadaverine:2-oxoglutarate aminotransferase,"-1:cpd01155:0:0:""Cadaverine"";-1:cpd00024:0:0:""2-Oxoglutarate"";1:cpd09206:0:0:""5-Aminopentanal"";1:cpd00023:0:0:""L-Glutamate""",=
pass,,rxn00309,R00446,H2O + NAD + L-Lysine <=> NADH + NH3 + H+ + Allysine,WP_049585722.1,1.4.1.18,no,L-Lysine:NAD+ 6-oxidoreductase (deaminating),"-1:cpd00001:0:0:""H2O"";-1:cpd00003:0:0:""NAD"";-1:cpd00039:0:0:""L-Lysine"";1:cpd00004:0:0:""NADH"";1:cpd00013:0:0:""NH3"";1:cpd00067:0:0:""H+"";1:cpd01046:0:0:""Allysine""",=
pass,,rxn00317,R00457,2-Oxoglutarate + L-Lysine <=> L-Glutamate + 2-Aminoadipate 6-semialdehyde,WP_197047972.1,2.6.1.36,no,L-Lysine:2-oxoglutarate 6-aminotransferase,"-1:cpd00024:0:0:""2-Oxoglutarate"";-1:cpd00039:0:0:""L-Lysine"";1:cpd00023:0:0:""L-Glutamate"";1:cpd02522:0:0:""2-Aminoadipate 6-semialdehyde""",?
pass,,rxn00322,R00462,L-Lysine + H+ => CO2 + Cadaverine,WP_049587155.1,4.1.1.18,no,L-lysine carboxy-lyase (cadaverine-forming),"-1:cpd00039:0:0:""L-Lysine"";-1:cpd00067:0:0:""H+"";1:cpd00011:0:0:""CO2"";1:cpd01155:0:0:""Cadaverine""",>
pass,,rxn00327,R00469,H2O + (2) H+ + Ureidoglycolate => CO2 + (2) NH3 + Glyoxalate,WP_049588841.1,3.5.1.116;3.5.3.19,no,(S)-ureidoglycolate amidohydrolase (decarboxylating),"-1:cpd00001:0:0:""H2O"";-2:cpd00067:0:0:""H+"";-1:cpd00465:0:0:""Ureidoglycolate"";1:cpd00011:0:0:""CO2"";2:cpd00013:0:0:""NH3"";1:cpd00040:0:0:""Glyoxalate""",>
pass,,rxn00347,R00490,L-Aspartate <=> NH3 + Fumarate,WP_049588132.1,4.3.1.1;3.5.1.38,no,L-Aspartate ammonia-lyase,"-1:cpd00041:0:0:""L-Aspartate"";1:cpd00013:0:0:""NH3"";1:cpd00106:0:0:""Fumarate""",=
pass,,rxn00348,R00491,L-Aspartate <=> D-Aspartate,WP_080760048.1,5.1.1.13,no,aspartate racemase,"-1:cpd00041:0:0:""L-Aspartate"";1:cpd00320:0:0:""D-Aspartate""",=
pass,,rxn00467,R00667,2-Oxoglutarate + Ornithine <=> L-Glutamate + L-Glutamate5-semialdehyde,WP_049588781.1,2.6.1.13,no,L-Ornithine:2-oxo-acid aminotransferase,"-1:cpd00024:0:0:""2-Oxoglutarate"";-1:cpd00064:0:0:""Ornithine"";1:cpd00023:0:0:""L-Glutamate"";1:cpd00858:0:0:""L-Glutamate5-semialdehyde""",=
pass,,rxn00470,R00670,Ornithine + H+ => CO2 + Putrescine,WP_039226879.1,4.1.1.17,no,L-ornithine carboxy-lyase (putrescine-forming),"-1:cpd00064:0:0:""Ornithine"";-1:cpd00067:0:0:""H+"";1:cpd00011:0:0:""CO2"";1:cpd00118:0:0:""Putrescine""",>
pass,,rxn00495,R00697,L-Phenylalanine => NH3 + (E)-Cinnamate,WP_049589036.1,4.3.1.24;4.3.1.25;4.3.1.5,no,L-phenylalanine ammonia-lyase (trans-cinnamate-forming),"-1:cpd00066:0:0:""L-Phenylalanine"";1:cpd00013:0:0:""NH3"";1:cpd00333:0:0:""(E)-Cinnamate""",>
pass,added ModelSEED & new KEGG IDs,rxn00551,R00764,"PPi + D-Fructose 6-phosphate <=> Phosphate + H+ + D-Fructose 1,6-bisphosphate",WP_049586246.1,2.7.1.90,no,diphosphate:D-fructose-6-phosphate 1-phosphotransferase,"-1:cpd00012:0:0:""PPi"";-1:cpd00072:0:0:""D-fructose-6-phosphate"";1:cpd00009:0:0:""Phosphate"";1:cpd00067:0:0:""H+"";1:cpd00290:0:0:""D-fructose-1,6-bisphosphate""",=
pass,,rxn00584,R00813,"NAD + cis-1,2-dihydroxybenzoate => NADH + CO2 + Catechol",WP_049588500.1,1.3.1.25,no,"(1R,6S)-1,6-dihydroxycyclohexa-2,4-diene-1-carboxylate:NAD+ oxidoreductase (decarboxylating)","-1:cpd00003:0:0:""NAD"";-1:cpd03762:0:0:""cis-1,2-dihydroxybenzoate"";1:cpd00004:0:0:""NADH"";1:cpd00011:0:0:""CO2"";1:cpd00077:0:0:""Catechol""",>
pass,,rxn00656,R00907,L-Alanine + 3-Oxopropanoate <=> Pyruvate + beta-Alanine,WP_197047972.1,2.6.1.18,no,L-Alanine:3-oxopropanoate aminotransferase,"-1:cpd00035:0:0:""L-Alanine"";-1:cpd00191:0:0:""3-Oxopropanoate"";1:cpd00020:0:0:""Pyruvate"";1:cpd00085:0:0:""beta-Alanine""",=
pass,,rxn00657,R00908,2-Oxoglutarate + beta-Alanine <=> L-Glutamate + 3-Oxopropanoate,WP_049588781.1,2.6.1.55;2.6.1.19,no,beta-alanine:2-oxoglutarate aminotransferase,"-1:cpd00024:0:0:""2-Oxoglutarate"";-1:cpd00085:0:0:""beta-Alanine"";1:cpd00023:0:0:""L-Glutamate"";1:cpd00191:0:0:""3-Oxopropanoate""",=
pass,,rxn00678,R00930,Pyruvate + D-methylmalonyl-CoA <=> Oxaloacetate + Propionyl-CoA,WP_049587671.1,2.1.3.1,no,(S)-2-Methyl-3-oxopropanoyl-CoA:pyruvate carboxyltransferase,"-1:cpd00020:0:0:""Pyruvate"";-1:cpd00519:0:0:""D-methylmalonyl-CoA"";1:cpd00032:0:0:""Oxaloacetate"";1:cpd00086:0:0:""Propionyl-CoA""",=
pass,,rxn00717,R00974,H2O + H+ + Cytosine => NH3 + Uracil,WP_049585992.1,3.5.4.1,no,Cytosine aminohydrolase,"-1:cpd00001:0:0:""H2O"";-1:cpd00067:0:0:""H+"";-1:cpd00307:0:0:""Cytosine"";1:cpd00013:0:0:""NH3"";1:cpd00092:0:0:""Uracil""",>
pass,,rxn00719,R00977,NAD + Hydrouracil <=> NADH + H+ + Uracil,WP_012519580.1,1.3.1.1,no,"5,6-Dihydrouracil:NAD+ oxidoreductase","-1:cpd00003:0:0:""NAD"";-1:cpd00337:0:0:""Hydrouracil"";1:cpd00004:0:0:""NADH"";1:cpd00067:0:0:""H+"";1:cpd00092:0:0:""Uracil""",=
pass,,rxn00797,R01080,H2O + Uridine <=> Uracil + D-Ribose,WP_014977204.1,3.2.2.3;3.2.2.8,no,Uridine ribohydrolase,"-1:cpd00001:0:0:""H2O"";-1:cpd00249:0:0:""Uridine"";1:cpd00092:0:0:""Uracil"";1:cpd00105:0:0:""D-Ribose""",=
pass,,rxn00810,R01094,"NAD + Galactose <=> NADH + H+ + D-Galactono-1,4-lactone",WP_049586810.1,1.1.1.48/1.1.1.120,no,D-Galactose:NAD+ 1-oxidoreductase,"-1:cpd00003:0:0:""NAD"";-1:cpd00108:0:0:""Galactose"";1:cpd00004:0:0:""NADH"";1:cpd00067:0:0:""H+"";1:cpd02143:0:0:""D-Galactono-1,4-lactone""",=
pass,,rxn00856,R01155,2-Oxoglutarate + Putrescine <=> L-Glutamate + 4-Aminobutanal,WP_049588781.1,2.6.1.82;2.6.1.29,no,putrescine:2-oxoglutarate aminotransferase,"-1:cpd00024:0:0:""2-Oxoglutarate"";-1:cpd00118:0:0:""Putrescine"";1:cpd00023:0:0:""L-Glutamate"";1:cpd00434:0:0:""4-Aminobutanal""",=
pass,,rxn00869,R01172,NAD + CoA + Butanal <=> NADH + H+ + Butyryl-CoA,WP_049588588.1,1.2.1.57;1.2.1.10;1.2.1.87,no,butanal:NAD+ oxidoreductase (CoA-acylating),"-1:cpd00003:0:0:""NAD"";-1:cpd00010:0:0:""CoA"";-1:cpd01011:0:0:""Butanal"";1:cpd00004:0:0:""NADH"";1:cpd00067:0:0:""H+"";1:cpd00120:0:0:""Butyryl-CoA""",=
pass,,rxn00871,R01174,Phosphate + Butyryl-CoA <=> CoA + Butanoylphosphate,WP_049586784.1,2.3.1.19,no,butanoyl-CoA:phosphate butanoyltransferase,"-1:cpd00009:0:0:""Phosphate"";-1:cpd00120:0:0:""Butyryl-CoA"";1:cpd00010:0:0:""CoA"";1:cpd01662:0:0:""Butanoylphosphate""",=
pass,,rxn00873,R01176,ATP + CoA + Butyrate => PPi + AMP + H+ + Butyryl-CoA,WP_049586975.1,6.2.1.2;6.2.1.3,no,Butanoate:CoA ligase (AMP-forming),"-1:cpd00002:0:0:""ATP"";-1:cpd00010:0:0:""CoA"";-1:cpd00211:0:0:""Butyrate"";1:cpd00012:0:0:""PPi"";1:cpd00018:0:0:""AMP"";1:cpd00067:0:0:""H+"";1:cpd00120:0:0:""Butyryl-CoA""",>
pass,,rxn00926,R01244,H2O + H+ + Adenine => NH3 + Hypoxanthine,WP_049588809.1,3.5.4.2,no,Adenine aminohydrolase,"-1:cpd00001:0:0:""H2O"";-1:cpd00067:0:0:""H+"";-1:cpd00128:0:0:""Adenine"";1:cpd00013:0:0:""NH3"";1:cpd00226:0:0:""HYXN""",=
pass,,rxn00985,R01353,ATP + Propionate <=> ADP + Propionyl phosphate,WP_049586785.1,2.7.2.1;2.7.2.15,no,ATP:propanoate phosphotransferase,"-1:cpd00002:0:0:""ATP"";-1:cpd00141:0:0:""Propionate"";1:cpd00008:0:0:""ADP"";1:cpd01844:0:0:""Propionyl phosphate""",=
pass,,rxn00997,R01370,NAD + Phenyllactate <=> NADH + H+ + Phenylpyruvate,WP_049586233.1,1.1.1.110;1.1.1.222;1.1.1.237,no,Phenyllactate:NAD+ oxidoreductase,"-1:cpd00003:0:0:""NAD"";-1:cpd03331:0:0:""PLCT"";1:cpd00004:0:0:""NADH"";1:cpd00067:0:0:""H+"";1:cpd00143:0:0:""Phenylpyruvate""",=
pass,,rxn01032,R01419,H2O + NAD + Benzaldehyde <=> NADH + (2) H+ + Benzoate,WP_049585438.1,1.2.1.28;1.2.1.29,no,Benzaldehyde:NAD+ oxidoreductase,"-1:cpd00001:0:0:""H2O"";-1:cpd00003:0:0:""NAD"";-1:cpd00225:0:0:""Benzaldehyde"";1:cpd00004:0:0:""NADH"";2:cpd00067:0:0:""H+"";1:cpd00153:0:0:""Benzoate""",=
pass,,rxn01041,R01429,NAD + Xylose <=> NADH + H+ + D-Xylonolactone,WP_049588500.1,1.1.1.175;1.1.1.121,no,D-xylose:NAD+ 1-oxidoreductase,"-1:cpd00003:0:0:""NAD"";-1:cpd00154:0:0:""Xylose"";1:cpd00004:0:0:""NADH"";1:cpd00067:0:0:""H+"";1:cpd01527:0:0:""D-Xylonolactone""",=
pass,"added closest ModelSEED ID & edited reaction to use xylono-1,4-lactone instead of 1,5",rxn01042,R12643,"D-Xylose + NADP+ <=> D-Xylono-1,4-lactone + NADPH + H+",WP_049588174.1,1.1.1.424,no,D-xylose:NADP+ 1-oxidoreductase,"-1:cpd00006:0:0:""NADP"";-1:cpd00154:0:0:""Xylose"";1:cpd00005:0:0:""NADPH"";1:cpd00067:0:0:""H+"";1:cpd01782:0:0:""D-Xylono-1,4-lactone""",=
pass,,rxn01079,R01481,NADP + Gulonate <=> NADPH + H+ + Glucuronate,WP_080986362.1,1.1.1.19,no,L-Gulonate:NADP+ 6-oxidoreductase,"-1:cpd00006:0:0:""NADP"";-1:cpd00594:0:0:""Gulonate"";1:cpd00005:0:0:""NADPH"";1:cpd00067:0:0:""H+"";1:cpd00164:0:0:""Glucuronate""",=
pass,,rxn01121,R01538,Gluconate => H2O + 2-keto-3-deoxygluconate,WP_014975676.1,4.2.1.39;4.2.1.140,no,D-gluconate hydro-lyase (2-dehydro-3-deoxy-D-gluconate-forming),"-1:cpd00222:0:0:""GLCN"";1:cpd00001:0:0:""H2O"";1:cpd00176:0:0:""2-keto-3-deoxygluconate""",>
pass,,rxn01141,R01564,H2O + O2 + Dimethylglycine => H2O2 + Formaldehyde + Sarcosine,WP_014948660.1,2.4.2.1;1.5.3.10,no,"N,N-Dimethylglycine:oxygen oxidoreductase (demethylating)","-1:cpd00001:0:0:""H2O"";-1:cpd00007:0:0:""O2"";-1:cpd00756:0:0:""Dimethylglycine"";1:cpd00025:0:0:""H2O2"";1:cpd00055:0:0:""Formaldehyde"";1:cpd00183:0:0:""Sarcosine""",>
pass,,rxn01199,R01639,ATP + D-Lyxulose => ADP + H+ + D-Xylulose5-phosphate,WP_049588438.1,2.7.1.17,no,ATP:D-xylulose 5-phosphotransferase,"-1:cpd00002:0:0:""ATP"";-1:cpd00259:0:0:""D-Lyxulose"";1:cpd00008:0:0:""ADP"";1:cpd00067:0:0:""H+"";1:cpd00198:0:0:""D-Xylulose5-phosphate""",=
pass,,rxn01204,R01648,2-Oxoglutarate + GABA <=> L-Glutamate + 4-Oxobutanoate,WP_049588781.1,2.6.1.19,no,4-aminobutanoate:2-oxoglutarate aminotransferase,"-1:cpd00024:0:0:""2-Oxoglutarate"";-1:cpd00281:0:0:""GABA"";1:cpd00023:0:0:""L-Glutamate"";1:cpd00199:0:0:""4-Oxobutanoate""",=
pass,,rxn01355,R01859,ATP + Propionyl-CoA + H2CO3 => ADP + Phosphate + H+ + D-methylmalonyl-CoA,WP_049586521.1,6.4.1.3,no,Propanoyl-CoA:carbon-dioxide ligase (ADP-forming),"-1:cpd00002:0:0:""ATP"";-1:cpd00086:0:0:""Propionyl-CoA"";-1:cpd00242:0:0:""H2CO3"";1:cpd00008:0:0:""ADP"";1:cpd00009:0:0:""Phosphate"";1:cpd00067:0:0:""H+"";1:cpd00519:0:0:""D-methylmalonyl-CoA""",>
pass,,rxn01366,R01876,Phosphate + Uridine <=> Uracil + Ribose 1-phosphate,WP_014948660.1,2.4.2.2;2.4.2.3,no,Uridine:phosphate alpha-D-ribosyltransferase,"-1:cpd00009:0:0:""Phosphate"";-1:cpd00249:0:0:""Uridine"";1:cpd00092:0:0:""Uracil"";1:cpd00475:0:0:""Ribose 1-phosphate""",=
pass,,rxn01391,R01903,NAD + L-Lyxitol <=> NADH + H+ + L-Lyxulose,WP_049587537.1,1.1.1.12,no,L-arabinitol:NAD+ 4-oxidoreductase (L-xylulose-forming),"-1:cpd00003:0:0:""NAD"";-1:cpd00417:0:0:""L-Lyxitol"";1:cpd00004:0:0:""NADH"";1:cpd00067:0:0:""H+"";1:cpd00261:0:0:""L-Lyxulose""",=
pass,,rxn01392,R01904,NADP + Xylitol <=> NADPH + H+ + L-Lyxulose,WP_014949725.1,1.1.1.10,no,Xylitol:NADP+ 4-oxidoreductase (L-xylulose-forming),"-1:cpd00006:0:0:""NADP"";-1:cpd00306:0:0:""Xylitol"";1:cpd00005:0:0:""NADPH"";1:cpd00067:0:0:""H+"";1:cpd00261:0:0:""L-Lyxulose""",=
pass,,rxn01393,R01905,H+ + 3-Dehydro-L-gulonate => CO2 + L-Lyxulose,WP_049588438.1,4.1.1.34,no,3-Dehydro-L-gulonate carboxy-lyase,"-1:cpd00067:0:0:""H+"";-1:cpd00473:0:0:""3-Dehydro-L-gulonate"";1:cpd00011:0:0:""CO2"";1:cpd00261:0:0:""L-Lyxulose""",=
pass,,rxn01423,R01939,2-Oxoglutarate + L-2-Aminoadipate <=> L-Glutamate + 2-Oxoadipate,WP_049588781.1,2.6.1.39,no,L-2-aminoadipate:2-oxoglutarate aminotransferase,"-1:cpd00024:0:0:""2-Oxoglutarate"";-1:cpd00705:0:0:""L-2-Aminoadipate"";1:cpd00023:0:0:""L-Glutamate"";1:cpd00269:0:0:""2-Oxoadipate""",=
pass,,rxn01439,R01961,ATP + GLUM => ADP + H+ + D-Glucosamine phosphate,WP_049585926.1,2.7.1.8;2.7.1.1,no,ATP:D-glucosamine 6-phosphotransferase,"-1:cpd00002:0:0:""ATP"";-1:cpd00276:0:0:""GLUM"";1:cpd00008:0:0:""ADP"";1:cpd00067:0:0:""H+"";1:cpd00288:0:0:""D-Glucosamine phosphate""",=
pass,,rxn01505,R08193,N-Acetyl-D-glucosamine 6-phosphate <=> N-Acetyl-D-glucosamine1-phosphate,WP_049587867.1,5.4.2.3,no,"N-Acetyl-D-glucosamine 1-phosphate 1,6-phosphomutase","-1:cpd00293:0:0:""N-Acetyl-D-glucosamine 6-phosphate"";1:cpd02611:0:0:""N-Acetyl-D-glucosamine1-phosphate""",=
pass,,rxn01523,R02106,H2O + O2 + Urate <=> H2O2 + 5-Hydroxyisourate,WP_049588800.1,1.7.3.3,no,Urate:oxygen oxidoreductase,"-1:cpd00001:0:0:""H2O"";-1:cpd00007:0:0:""O2"";-1:cpd00300:0:0:""Urate"";1:cpd00025:0:0:""H2O2"";1:cpd08625:0:0:""5-Hydroxyisourate""",>
pass,,rxn01548,R02147,Phosphate + Guanosine <=> Guanine + Ribose 1-phosphate,WP_014948660.1,2.4.2.1;2.4.2.15,no,guanosine:phosphate alpha-D-ribosyltransferase,"-1:cpd00009:0:0:""Phosphate"";-1:cpd00311:0:0:""Guanosine"";1:cpd00207:0:0:""Guanine"";1:cpd00475:0:0:""Ribose 1-phosphate""",<
pass,,rxn01630,R02273,H2O + 5-Aminopentanamide => NH3 + 5-Aminopentanoate,WP_014949262.1,3.5.1.30,no,5-Aminopentanamide amidohydrolase,"-1:cpd00001:0:0:""H2O"";-1:cpd00729:0:0:""5-Aminopentanamide"";1:cpd00013:0:0:""NH3"";1:cpd00339:0:0:""5-Aminopentanoate""",>
pass,,rxn01631,R02274,2-Oxoglutarate + 5-Aminopentanoate <=> L-Glutamate + 5-Oxopentanoate,WP_049588781.1,2.6.1.48,no,5-Aminopentanoate:2-oxoglutarate aminotransferase,"-1:cpd00024:0:0:""2-Oxoglutarate"";-1:cpd00339:0:0:""5-Aminopentanoate"";1:cpd00023:0:0:""L-Glutamate"";1:cpd02089:0:0:""5-Oxopentanoate""",=
pass,,rxn01729,R02401,H2O + NAD + 5-Oxopentanoate <=> NADH + (2) H+ + Glutarate,WP_049585438.1,1.2.1.20,no,glutarate-semialdehyde:NAD+ oxidoreductase,"-1:cpd00001:0:0:""H2O"";-1:cpd00003:0:0:""NAD"";-1:cpd02089:0:0:""5-Oxopentanoate"";1:cpd00004:0:0:""NADH"";2:cpd00067:0:0:""H+"";1:cpd00379:0:0:""Glutarate""",=
pass,,rxn01828,R02522,L-Arabinonate => H2O + 2-Dehydro-3-deoxy-L-pentonate,WP_014977810.1,4.2.1.25,no,L-Arabinonate hydro-lyase,"-1:cpd00427:0:0:""L-Arabinonate"";1:cpd00001:0:0:""H2O"";1:cpd00520:0:0:""2-Dehydro-3-deoxy-L-pentonate""",>
pass,,rxn01857,R02555,NAD + D-Altronate <=> NADH + H+ + D-Tagaturonate,WP_049589016.1,1.1.1.58,no,D-Altronate:NAD+ 3-oxidoreductase,"-1:cpd00003:0:0:""NAD"";-1:cpd00608:0:0:""D-Altronate"";1:cpd00004:0:0:""NADH"";1:cpd00067:0:0:""H+"";1:cpd00437:0:0:""D-Tagaturonate""",=
pass,,rxn01913,R02640,NAD + Gulonate <=> NADH + H+ + 3-Dehydro-L-gulonate,WP_049588754.1,1.1.1.45,no,L-Gulonate:NAD+ 3-oxidoreductase,"-1:cpd00003:0:0:""NAD"";-1:cpd00594:0:0:""Gulonate"";1:cpd00004:0:0:""NADH"";1:cpd00067:0:0:""H+"";1:cpd00473:0:0:""3-Dehydro-L-gulonate""",=
pass,,rxn02107,R02941,H2O + NAD + Salicylaldehyde <=> NADH + (2) H+ + SALC,WP_049585722.1,1.2.1.65;1.2.1.-,no,salicylaldehyde:NAD+ oxidoreductase,"-1:cpd00001:0:0:""H2O"";-1:cpd00003:0:0:""NAD"";-1:cpd03709:0:0:""Salicylaldehyde"";1:cpd00004:0:0:""NADH"";2:cpd00067:0:0:""H+"";1:cpd00599:0:0:""SALC""",=
pass,,rxn02125,R02968,"NADH + O2 + H+ + Naphthalene => NAD + cis-1,2-Dihydronaphthalene-1,2-diol",WP_049588594.1,1.14.12.12,no,"naphthalene,NADH:oxygen oxidoreductase (1,2-hydroxylating)","-1:cpd00004:0:0:""NADH"";-1:cpd00007:0:0:""O2"";-1:cpd00067:0:0:""H+"";-1:cpd00618:0:0:""Naphthalene"";1:cpd00003:0:0:""NAD"";1:cpd02646:0:0:""cis-1,2-Dihydronaphthalene-1,2-diol""",>
pass,,rxn02169,R03028,H+ + Glutaconyl-1-CoA => CO2 + Crotonyl-CoA,WP_049586521.1,7.2.4.5;4.1.1.70;7.2.4.e,no,Glutaconyl-1-CoA carboxy-lyase,"-1:cpd00067:0:0:H+;-1:cpd01599:0:0:""Glutaconyl-1-CoA"";1:cpd00011:0:0:""CO2"";1:cpd00650:0:0:""Crotonyl-CoA""",>
pass,edited GPR,rxn02229,R03105,Sulfite + Mercaptopyruvate <=> Pyruvate + H2S2O3,WP_049588222.1 or WP_014948070.1,2.8.1.2,no,3-Mercaptopyruvate:cyanide sulfurtransferase,"-1:cpd00081:0:0:""Sulfite"";-1:cpd00706:0:0:""Mercaptopyruvate"";1:cpd00020:0:0:""Pyruvate"";1:cpd00268:0:0:""H2S2O3""",=
pass,,rxn02235,R03119,"NAD + 1,3-Propanediol <=> NADH + H+ + 3-Hydroxypropanal",WP_049586860.1,1.1.1.202,no,"propane-1,3-diol:NAD+ 1-oxidoreductase","-1:cpd00003:0:0:""NAD"";-1:cpd01618:0:0:""1,3-Propanediol"";1:cpd00004:0:0:""NADH"";1:cpd00067:0:0:""H+"";1:cpd00714:0:0:""3-Hydroxypropanal""",=
pass,,rxn02319,R03241,ATP + L-Fuculose => ADP + H+ + L-Fuculose1-phosphate,WP_049588438.1,2.7.1.51,no,ATP:L-fuculose 1-phosphotransferase,"-1:cpd00002:0:0:""ATP"";-1:cpd01186:0:0:""L-Fuculose"";1:cpd00008:0:0:""ADP"";1:cpd00067:0:0:""H+"";1:cpd00806:0:0:""L-Fuculose1-phosphate""",=
pass,,rxn02675,R03772,"H2O + L-Rhamno-1,4-lactone <=> H+ + L-Rhamnonate",WP_049587022.1,3.1.1.65,no,"L-rhamno-1,4-lactone lactonohydrolase","-1:cpd00001:0:0:""H2O"";-1:cpd01916:0:0:""L-Rhamno-1,4-lactone"";1:cpd00067:0:0:""H+"";1:cpd01328:0:0:""L-Rhamnonate""",=
pass,,rxn02676,R03774,L-Rhamnonate => H2O + 2-Dehydro-3-deoxy-L-rhamnonate,WP_014975676.1,4.2.1.90,no,L-Rhamnonate hydro-lyase,"-1:cpd01328:0:0:""L-Rhamnonate"";1:cpd00001:0:0:""H2O"";1:cpd02467:0:0:""2-Dehydro-3-deoxy-L-rhamnonate""",>
pass,,rxn02767,R03936,H2O + N-Formylkynurenine => L-Alanine + H+ + Formylanthranilate,WP_080986392.1,3.7.1.3,no,Formylkynurenine hydrolase,"-1:cpd00001:0:0:""H2O"";-1:cpd01749:0:0:""N-Formylkynurenine"";1:cpd00035:0:0:""L-Alanine"";1:cpd00067:0:0:""H+"";1:cpd03364:0:0:""Formylanthranilate""",>
pass,,rxn02770,R03942,"NAD + L-Rhamnofuranose <=> NADH + H+ + L-Rhamno-1,4-lactone",WP_014976326.1,1.1.1.173/1.1.1.378,no,L-Rhamnofuranose:NAD+ 1-oxidoreductase,"-1:cpd00003:0:0:""NAD"";-1:cpd01607:0:0:""L-Rhamnofuranose"";1:cpd00004:0:0:""NADH"";1:cpd00067:0:0:""H+"";1:cpd01916:0:0:""L-Rhamno-1,4-lactone""",=
pass,,rxn02782,R03959,"Muconolactone <=> H+ + cis,cis-Muconate",WP_014975676.1,5.5.1.1,no,"2,5-Dihydro-5-oxofuran-2-acetate lyase (decyclizing)","-1:cpd02536:0:0:""Muconolactone"";1:cpd00067:0:0:""H+"";1:cpd01630:0:0:""cis,cis-Muconate""",=
pass,,rxn02850,R04059,"(2) NADP + (+/-)-trans-Acenaphthene-1,2-diol <=> (2) NADPH + (2) H+ + Acenaphthoquinone",WP_049586522.1,1.3.8.4;1.10.1.1,no,"(+/-)-trans-acenaphthene-1,2-diol:NADP+ oxidoreductase","-2:cpd00006:0:0:""NADP"";-1:cpd02564:0:0:""(+/-)-trans-Acenaphthene-1,2-diol"";2:cpd00005:0:0:""NADPH"";2:cpd00067:0:0:""H+"";1:cpd01816:0:0:""Acenaphthoquinone""",=
pass,,rxn02877,R04115,"NAD + cis-1,2-Dihydronaphthalene-1,2-diol => NADH + H+ + 1,2-Naphthalenediol",WP_014949228.1,1.3.1.29,no,"cis-1,2-dihydronaphthalene-1,2-diol:NAD+ 1,2-oxidoreductase","-1:cpd00003:0:0:""NAD"";-1:cpd02646:0:0:""cis-1,2-Dihydronaphthalene-1,2-diol"";1:cpd00004:0:0:""NADH"";1:cpd00067:0:0:""H+"";1:cpd01932:0:0:""1,2-Naphthalenediol""",>
pass,,rxn03641,R05336,Acetyl-CoA + 4-Hydroxybutanoate <=> Acetate + 4-Hydroxybutyryl-CoA,WP_014947829.1,2.8.3.-,no,acetyl-CoA: 4-hydroxybutanoate CoA transferase,"-1:cpd00022:0:0:""Acetyl-CoA"";-1:cpd00728:0:0:""4-Hydroxybutanoate"";1:cpd00029:0:0:""Acetate"";1:cpd07946:0:0:""4-Hydroxybutyryl-CoA""",=
pass,edited ModelSEED & KEGG IDs,rxn03644,R05339;R09780,D-arabino-6-Phospho-hex-3-ulose <=> beta-D-Fructose 6-phosphate,WP_049588761.1,5.3.1.27,no,D-arabino-hex-3-ulose-6-phosphate isomerase,"-1:cpd03583:0:0:""D-arabino-6-Phospho-hex-3-ulose"";1:cpd00072:0:0:""D-fructose-6-phosphate""",=
pass,,rxn03885,R05606,D-Mannonate => H2O + 2-keto-3-deoxygluconate,WP_014975676.1,4.2.1.8,no,D-mannonate hydro-lyase,"-1:cpd00403:0:0:""D-Mannonate"";1:cpd00001:0:0:""H2O"";1:cpd00176:0:0:""2-keto-3-deoxygluconate""",>
pass,,rxn03886,R05607,NAD + D-glucitol 6-phosphate <=> NADH + H+ + D-fructose-6-phosphate,WP_014976326.1,1.1.1.140,no,D-sorbitol-6-phosphate:NAD 2-oxidoreductase,"-1:cpd00003:0:0:""NAD"";-1:cpd00491:0:0:D-glucitol 6-phosphate;1:cpd00004:0:0:""NADH"";1:cpd00067:0:0:""H+"";1:cpd00072:0:0:""D-fructose-6-phosphate""",=
pass,,rxn03897,R05621,"NADH + O2 + H+ + Benzoate => NAD + cis-1,2-dihydroxybenzoate",WP_049588594.1,1.14.12.10,no,R05621,"-1:cpd00004:0:0:""NADH"";-1:cpd00007:0:0:""O2"";-1:cpd00067:0:0:""H+"";-1:cpd00153:0:0:""Benzoate"";1:cpd00003:0:0:""NAD"";1:cpd03762:0:0:""cis-1,2-dihydroxybenzoate""",>
pass,,rxn04456,R06604,"H+ + 5-Hydroxy-2-oxo-4-ureido-2,5-dihydro-1H-imidazole-5-carboxylate => CO2 + Allantoin",WP_049588802.1,4.1.1.97;4.1.1.-,no,2-oxo-4-hydroxy-4-carboxy-5-ureidoimidazoline decarboxylase,"-1:cpd00067:0:0:H+;-1:cpd09027:0:0:""5-Hydroxy-2-oxo-4-ureido-2,5-dihydro-1H-imidazole-5-carboxylate"";1:cpd00011:0:0:""CO2"";1:cpd01092:0:0:""Allantoin""",>
pass,,rxn04604,R06789,H2O + 2-Hydroxy-6-ketononatrienedioate => H+ + Fumarate + Oxopent-4-enoate,WP_049588590.1,3.7.1.14;3.7.1.-,no,R06789,"-1:cpd00001:0:0:""H2O"";-1:cpd09255:0:0:""2-Hydroxy-6-ketononatrienedioate"";1:cpd00067:0:0:""H+"";1:cpd00106:0:0:""Fumarate"";1:cpd00461:0:0:""Oxopent-4-enoate""",>
pass,,rxn04943,R07145,NAD + L-Iditol <=> NADH + H+ + L-Sorbose,WP_049587537.1,1.1.1.14,no,L-iditol:NAD+ 2-oxidoreductase,"-1:cpd00003:0:0:""NAD"";-1:cpd01066:0:0:""L-Iditol"";1:cpd00004:0:0:""NADH"";1:cpd00067:0:0:""H+"";1:cpd00212:0:0:""L-Sorbose""",=
pass,,rxn05109,R07399,H2O + Pyruvate + Acetyl-CoA => CoA + H+ + D-Citramalate,WP_049585950.1,2.3.3.21;2.3.1.182,no,R07399,"-1:cpd00001:0:0:""H2O"";-1:cpd00020:0:0:""Pyruvate"";-1:cpd00022:0:0:""Acetyl-CoA"";1:cpd00010:0:0:""CoA"";1:cpd00067:0:0:""H+"";1:cpd01700:0:0:""D-Citramalate""",>
pass,,rxn05124,R07415,H2O + O2 + gamma-L-Glutamylputrescine => NH3 + H2O2 + gamma-glutamyl-gamma-butyraldehyde,WP_049588112.1,1.4.3.-;1.4.3.M3,no,R07415,"-1:cpd00001:0:0:""H2O"";-1:cpd00007:0:0:""O2"";-1:cpd11340:0:0:""gamma-L-Glutamylputrescine"";1:cpd00013:0:0:""NH3"";1:cpd00025:0:0:""H2O2"";1:cpd11341:0:0:""gamma-glutamyl-gamma-butyraldehyde""",>
pass,added ModelSEED ID,rxn09174,R11773,Propanoyl-CoA + Succinate <=> Succinyl-CoA + Propanoate,WP_014947829.1,2.8.3.27,no,Propanoyl-CoA: succinate CoA-transferase,"-1:cpd00036:0:0:""Succinate"";-1:cpd00086:0:0:""Propionyl-CoA"";1:cpd00078:0:0:""Succinyl-CoA"";1:cpd00141:0:0:""Propionate""",=
pass,added ModelSEED ID,rxn10852,R03256,H2O + Lactose-6-phosphate => beta-D-Glucose + 6-Phospho-D-galactose,WP_049586389.1,3.2.1.85,no,6-phospho-beta-galactosidase,"-1:cpd00001:0:0:""H2O"";-1:cpd03194:0:0:""Lactose-6-phosphate"";1:cpd00027:0:0:""D-Glucose"";1:cpd00818:0:0:""6-Phospho-D-galactose""",=
pass,,rxn11551,R01093,NADH + H+ + Galactose <=> NAD + Dulcose,WP_039225720.1,1.1.1.21,no,galactitol:NAD+ 1-oxidoreductase,"-1:cpd00004:0:0:""NADH"";-1:cpd00067:0:0:""H+"";-1:cpd00108:0:0:""Galactose"";1:cpd00003:0:0:""NAD"";1:cpd01171:0:0:""Dulcose""",=
pass,,rxn12147,R08603,H2O + DKDI => H+ + 5-Deoxy glucuronic acid,WP_049588309.1,3.7.1.22;3.7.1.-,no,"3D-(3,5/4)-Trihydroxycyclohexane-1,2-dione acylhydrolase (decyclizing)","-1:cpd00001:0:0:""H2O"";-1:cpd02631:0:0:""DKDI"";1:cpd00067:0:0:""H+"";1:cpd16540:0:0:""5-Deoxy glucuronic acid""",<
pass,added closest ModelSEED ID & replaced NAD w/NADP,rxn14044,R13105,"L-fucose + NADP+ <=> L-Fucono-1,5-lactone + NADPH + H+",WP_014976326.1,1.1.1.435,no,L-fucose:NADP+ 1-oxidoreductase,"-1:cpd00006:0:0:""NADP"";-1:cpd00751:0:0:""L-Fucose"";1:cpd00005:0:0:""NADPH"";1:cpd00067:0:0:""H+"";1:cpd18011:0:0:""L-Fucono-1,5-lactone""",=
pass,,rxn14229,R00849,Glycerol-3-phosphate + Chinone <=> Glycerone-phosphate + Quinol,WP_049588435.1,1.1.5.3,no,sn-glycerol 3-phosphate:quinone oxidoreductase,"-1:cpd00080:0:0:""Glycerol-3-phosphate"";-1:cpd00364:0:0:""Chinone"";1:cpd00095:0:0:""Glycerone-phosphate"";1:cpd00415:0:0:""Quinol""",=
pass,,rxn15167,R01290,L-Serine + Homocysteine <=> H2O + L-Cystathionine,WP_049588866.1,4.2.1.22,no,L-serine hydro-lyase (adding homocysteine; L-cystathionine-forming),"-1:cpd00054:0:0:""L-Serine"";-1:cpd00135:0:0:""Homocysteine"";1:cpd00001:0:0:""H2O"";1:cpd19019:0:0:""L-Cystathionine""",=
pass,,rxn15334,R02425,H2O + (S)(+)-Allantoin => H+ + Allantoate,WP_049588806.1,3.5.2.5,no,(S)(+)-Allantoin amidohydrolase,"-1:cpd00001:0:0:""H2O"";-1:cpd19020:0:0:""(S)(+)-Allantoin"";1:cpd00067:0:0:H+;1:cpd00388:0:0:""Allantoate""",>
pass,,rxn15373,R02855,NAD + (R)-Acetoin <=> NADH + H+ + DTYL,WP_049587537.1,1.1.1.303,no,(R)-Acetoin:NAD+ oxidoreductase,"-1:cpd00003:0:0:""NAD"";-1:cpd19008:0:0:""(R)-Acetoin"";1:cpd00004:0:0:""NADH"";1:cpd00067:0:0:""H+"";1:cpd00551:0:0:""DTYL""",=
pass,,rxn16800,R09953,NAD + scyllo-Inositol <=> NADH + H+ + 2-Inosose,WP_049588174.1,1.1.1.370;1.1.1.-,no,scyllo-inositol:NAD+ oxidoreductase,"-1:cpd00003:0:0:""NAD"";-1:cpd03669:0:0:""scyllo-Inositol"";1:cpd00004:0:0:""NADH"";1:cpd00067:0:0:""H+"";1:cpd00524:0:0:""2-Inosose""",=
pass,added ModelSEED ID & fixed direction,rxn21034,R12577,"(3,4-Dihydroxybenzoyl)adenylate + Aryl-carrier protein <=> AMP + 3,4-Dihydroxybenzoyl-[aryl-carrier protein]",WP_049586326.1,6.2.1.62,no,"3,4-dihydroxybenzoate---[aryl-carrier protein] ligase","1:cpd22964:0:0:""3,4-dihydroxybenzoate-adenylate"";1:cpd27257:0:0:""Holo-AsbD-Proteins"";-1:cpd00018:0:0:""AMP"";-1:cpd00067:0:0:H+;-1:cpd22084:0:0:""34-DHB-AsbD-Proteins""",>
pass,added ModelSEED ID,rxn21038,R12596,Spermidine + Citrate + ATP <=> N-Citryl-spermidine + AMP + Diphosphate,WP_049586310.1,6.3.2.-,no,,"-1:cpd00002:0:0:""ATP"";-1:cpd00137:0:0:""Citrate"";-1:cpd00264:0:0:""Spermidine"";1:cpd00012:0:0:""PPi"";1:cpd00018:0:0:""AMP"";2:cpd00067:0:0:""H+"";1:cpd22967:0:0:""N-citryl-spermidine""",>
pass,added ModelSEED ID,rxn21039,R12598,"N-Citryl-spermidine + Spermidine + ATP <=> N8,N'8-Citryl-bis(spermidine) + AMP + Diphosphate",WP_049586324.1,6.3.2.-,no,,"-1:cpd00002:0:0:""ATP"";-1:cpd00264:0:0:""Spermidine"";-1:cpd22967:0:0:""N-citryl-spermidine"";1:cpd00012:0:0:""PPi"";1:cpd00018:0:0:""AMP"";2:cpd00067:0:0:""H+"";1:cpd22968:0:0:""N8,N'8-citryl-bis(spermidine)""",>
pass,added ModelSEED ID,rxn21040,R12600,"N8,N'8-Citryl-bis(spermidine) + 3,4-Dihydroxybenzoyl-[aryl-carrier protein] <=> N1-(3,4-Dihydroxybenzoyl)-N8,N'8-citryl-bis(spermidine) + Aryl-carrier protein",WP_049586329.1,2.-.-.-,no,,"-1:cpd22084:0:0:""34-DHB-AsbD-Proteins"";-1:cpd22968:0:0:""N8,N'8-citryl-bis(spermidine)"";1:cpd00067:0:0:""H+"";1:cpd22969:0:0:""N1-(3,4-dihydroxybenzoyl)-N8,N'8-citryl-bis(spermidine)"";1:cpd27257:0:0:""Holo-AsbD-Proteins""",>
pass,added ModelSEED ID,rxn21430,R10908,(S)-Ureidoglycine + Glyoxylate <=> Glycine + Oxalureate,WP_049588842.1,2.6.1.112,no,"(S)-ureidoglycine:glyoxylate aminotransferase","-1:cpd00040:0:0:""Glyoxalate"";-1:cpd01419:0:0:""Ureidoglycine"";1:cpd00033:0:0:""Glycine"";1:cpd00596:0:0:""Oxalurate""",>
pass,added ModelSEED ID,rxn22385,R11339,"2-Dehydro-3-deoxy-L-rhamnonate + NAD+ <=> 2,4-Diketo-3-deoxy-L-fuconate + NADH + H+",WP_014976326.1,1.1.1.401,no,L-2-keto-3-deoxyrhamnoate 4-dehydrogenase,"-1:cpd00003:0:0:""NAD"";-1:cpd02467:0:0:""2-Dehydro-3-deoxy-L-rhamnonate"";1:cpd00004:0:0:""NADH"";1:cpd00067:0:0:""H+"";1:cpd23713:0:0:""L-2,4-diketo-3-deoxyrhamnonate""",=
pass,,rxn24212,R10178,Pyruvate + GABA <=> L-Alanine + 4-Oxobutanoate,WP_197047972.1,2.6.1.96;2.6.1.-;2.6.1.19,no,4-aminobutyrate transaminase (pyruvate dependent),"-1:cpd00020:0:0:""Pyruvate"";-1:cpd00281:0:0:""GABA"";1:cpd00035:0:0:""L-Alanine"";1:cpd00199:0:0:""4-Oxobutanoate""",=
pass,added ModelSEED ID & replaced beta fructose w/fructose,rxn35676,R13128,3-Ketosucrose + H2O <=> 3-Dehydro-D-glucose + D-Fructose,WP_024015575.1,3.2.1.218,no,3-Ketoglucosidase,"-1:cpd00001:0:0:""H2O"";-1:cpd03412:0:0:""3-Ketosucrose"";1:cpd22007:0:0:""3-dehydro-alpha-D-glucose"";1:cpd00082:0:0:""D-Fructose""",=
pass,,rxn40431,R10689,"H2O + L-Fucono-1,5-lactone <=> H+ + L-Fuconate",WP_049587022.1,3.1.1.120,no,"L-fucono-1,5-lactone lactonohydrolase","-1:cpd00001:0:0:H2O;-1:cpd18011:0:0:L-Fucono-1,5-lactone;1:cpd00067:0:0:H+;1:cpd01185:0:0:L-Fuconate",=
pass,added ModelSEED ID,rxn44001,R11772,5-Dehydro-L-gluconate <=> D-Tagaturonate,WP_049588908.1,5.3.3.-,no,5-keto-L-gluconate epimerase,-1:cpd34961:0:0:5-dehydro-L-gluconate;1:cpd00437:0:0:D-Tagaturonate,=
pass,added closest ModelSEED ID & replaced ETF w/FAD,rxn46031,R12534,Phloretate + FAD <=> 4-Coumarate + FADH2,WP_039227752.1,1.3.8.15,no,"Phloretate:FAD 2,3-oxidoreductase",-1:cpd00067:0:0:H+;-1:cpd01202:0:0:Phloretate;-1:cpd00015:0:0:FAD;1:cpd00604:0:0:4-Coumarate;1:cpd00982:0:0:FADH2,=
pass,not in ModelSEED,ureidogly_carbamoyl_xfer,R12703,Allantoate + Orthophosphate <=> (S)-Ureidoglycine + Carbamoyl phosphate,WP_049589092.1,2.1.3.16,no,Ureidoglycine carbamoyltransferase,"-1:cpd00338:0:0:""Allantoate"";-1:cpd00009:0:0:""Phosphate"";1:cpd01419:0:0:""Ureidoglycine"";1:cpd00146:0:0:""Carbamoylphosphate""",=
pass,,rxn01125,R01543,"NADP + 2-keto-3-deoxygluconate <=> NADPH + H+ + (4S,5S)-4,5-Dihydroxy-2,6-dioxohexanoate",WP_049588500.1,1.1.1.126,no,2-Dehydro-3-deoxy-D-gluconate:NADP+ 6-oxidoreductase,"-1:cpd00006:0:0:""NADP"";-1:cpd00176:0:0:""2-keto-3-deoxygluconate"";1:cpd00005:0:0:""NADPH"";1:cpd00067:0:0:""H+"";1:cpd02728:0:0:""(4S,5S)-4,5-Dihydroxy-2,6-dioxohexanoate""",=
pass,,rxn02429,R03387,ATP + 2-Dehydro-3-deoxy-D-galactonate => ADP + H+ + 2-Dehydro-3-deoxy-D-galactonate 6-phosphate,WP_049588496.1,2.7.1.178;2.7.1.58,no,ATP:2-dehydro-3-deoxy-galactonokinase,"-1:cpd00002:0:0:""ATP"";-1:cpd00894:0:0:""2-Dehydro-3-deoxy-D-galactonate"";1:cpd00008:0:0:""ADP"";1:cpd00067:0:0:""H+"";1:cpd00945:0:0:""2-Dehydro-3-deoxy-D-galactonate 6-phosphate""",=
pass,,rxn03042,R04382,4-(4-Deoxy-alpha-D-gluc-4-enuronosyl)-D-galacturonate => (2) 5-Dehydro-4-deoxy-D-glucuronate,WP_197047980.1,4.2.2.6,no,4-(4-deoxy-alpha-D-galact-4-enuronosyl)-D-galacturonate lyase,"-1:cpd03648:0:0:""4-(4-Deoxy-alpha-D-gluc-4-enuronosyl)-D-galacturonate"";2:cpd02508:0:0:""5-Dehydro-4-deoxy-D-glucuronate""",>
pass,,rxn04600,R06785,"NAD + cis-3-(3-Carboxyethenyl)-3,5-cyclohexadiene-1,2-diol <=> NADH + H+ + 2,3-dihydroxicinnamic acid",WP_014949228.1,1.3.1.87,no,"(2E)-3-(cis-5,6-dihydroxycyclohexa-1,3-dien-1-yl)prop-2-enoate:NAD+ oxidoreductase","-1:cpd00003:0:0:""NAD"";-1:cpd09253:0:0:""cis-3-(3-Carboxyethenyl)-3,5-cyclohexadiene-1,2-diol"";1:cpd00004:0:0:""NADH"";1:cpd00067:0:0:""H+"";1:cpd09254:0:0:""2,3-dihydroxicinnamic acid""",>
pass,,rxn40432,R10690,"NAD + 2-Dehydro-3-deoxy-L-fuconate <=> NADH + H+ + L-2,4-diketo-3-deoxyrhamnonate",WP_049587021.1,1.1.1.434,no,2-dehydro-3-deoxy-L-fuconate:NAD+ 4-oxidoreductase,"-1:cpd00003:0:0:NAD;-1:cpd02387:0:0:2-Dehydro-3-deoxy-L-fuconate;1:cpd00004:0:0:NADH;1:cpd00067:0:0:H+;1:cpd23713:0:0:L-2,4-diketo-3-deoxyrhamnonate",=
pass,added ModelSEED ID,rxn05122,R07413,Digalacturonate + H2O <=> 2 D-Galacturonate,WP_049587907.1,3.2.1.67,no,"Galacturan 1,4-alpha-galacturonidase","-1:cpd00001:0:0:""H2O"";-1:cpd01532:0:0:""Digalacturonate"";2:cpd00280:0:0:""D-Galacturonate""",=
pass,added ModelSEED ID,rxn05126,R07417,gamma-Glutamyl-gamma-aminobutyraldehyde + NAD+ + H2O <=> 4-(L-gamma-Glutamylamino)butanoate + NADH + H+,WP_014950281.1,1.2.1.99,no,4-(gamma-L-glutamylamino)butanal:NAD+ oxidoreductase,"-1:cpd00001:0:0:""H2O"";-1:cpd00003:0:0:""NAD"";-1:cpd11341:0:0:""gamma-glutamyl-gamma-butyraldehyde"";1:cpd00004:0:0:""NADH"";2:cpd00067:0:0:""H+"";1:cpd11408:0:0:""gamma-Glutamyl-GABA""",=
pass,added ModelSEED ID,rxn05127,R07418,gamma-Glutamyl-gamma-aminobutyraldehyde + NADP+ + H2O <=> 4-(L-gamma-Glutamylamino)butanoate + NADPH + H+,WP_014950281.1,1.2.1.99,no,4-(gamma-L-glutamylamino)butanal:NADP+ oxidoreductase,"-1:cpd00001:0:0:""H2O"";-1:cpd00006:0:0:""NADP"";-1:cpd11341:0:0:""gamma-glutamyl-gamma-butyraldehyde"";1:cpd00005:0:0:""NADPH"";2:cpd00067:0:0:""H+"";1:cpd11408:0:0:""gamma-Glutamyl-GABA""",=
,,rxn00006,R00009,(2) H2O2 => (2) H2O + O2,WP_049588336.1;WP_014977393.1,1.11.1.6;1.11.1.21,yes,hydrogen-peroxide:hydrogen-peroxide oxidoreductase,"-2:cpd00025:0:0:""H2O2"";2:cpd00001:0:0:""H2O"";1:cpd00007:0:0:""O2""",>
,,rxn00011,R00014,CO2 + 2-Hydroxyethyl-ThPP => Pyruvate + TPP + H+,WP_049588309.1;WP_014975513.1,1.2.4.1;2.2.1.6;4.1.1.1,yes,pyruvate:thiamin diphosphate acetaldehydetransferase (decarboxylating),"-1:cpd00011:0:0:""CO2"";-1:cpd03049:0:0:""2-Hydroxyethyl-ThPP"";1:cpd00020:0:0:""Pyruvate"";1:cpd00056:0:0:""TPP"";1:cpd00067:0:0:""H+""",<
,,rxn00126,R00177,H2O + ATP + L-Methionine <= Phosphate + PPi + S-Adenosyl-L-methionine + H+,WP_049586187.1,2.5.1.6,yes,ATP:L-methionine S-adenosyltransferase,"-1:cpd00001:0:0:""H2O"";-1:cpd00002:0:0:""ATP"";-1:cpd00060:0:0:""L-Methionine"";1:cpd00009:0:0:""Phosphate"";1:cpd00012:0:0:""PPi"";1:cpd00017:0:0:""S-Adenosyl-L-methionine"";1:cpd00067:0:0:""H+""",>
,,rxn00141,R00192,H2O + S-Adenosyl-homocysteine <=> Homocysteine + Adenosine,WP_014950659.1,3.13.2.1;3.3.1.1,yes,S-Adenosyl-L-homocysteine hydrolase,"-1:cpd00001:0:0:""H2O"";-1:cpd00019:0:0:""S-Adenosyl-homocysteine"";1:cpd00135:0:0:""Homocysteine"";1:cpd00182:0:0:""Adenosine""",=
,,rxn00147,R00199,H2O + ATP + Pyruvate => Phosphate + AMP + Phosphoenolpyruvate + (3) H+,WP_049586697.1,2.7.9.2,yes,"ATP:pyruvate,water phosphotransferase","-1:cpd00001:0:0:""H2O"";-1:cpd00002:0:0:""ATP"";-1:cpd00020:0:0:""Pyruvate"";1:cpd00009:0:0:""Phosphate"";1:cpd00018:0:0:""AMP"";1:cpd00061:0:0:""Phosphoenolpyruvate"";3:cpd00067:0:0:""H+""",>
,,rxn00148,R00200,ATP + Pyruvate <=> ADP + Phosphoenolpyruvate + H+,WP_014949855.1,2.7.1.40,yes,ATP:pyruvate 2-O-phosphotransferase,"-1:cpd00002:0:0:""ATP"";-1:cpd00020:0:0:""Pyruvate"";1:cpd00008:0:0:""ADP"";1:cpd00061:0:0:""Phosphoenolpyruvate"";1:cpd00067:0:0:""H+""",=
,,rxn00159,R00214,NAD + L-Malate => NADH + CO2 + Pyruvate,VTP50440.1,1.1.1.38;1.1.1.39,yes,(S)-malate:NAD+ oxidoreductase (decarboxylating),"-1:cpd00003:0:0:""NAD"";-1:cpd00130:0:0:""L-Malate"";1:cpd00004:0:0:""NADH"";1:cpd00011:0:0:""CO2"";1:cpd00020:0:0:""Pyruvate""",=
,,rxn00165,R00220,L-Serine => NH3 + Pyruvate,WP_049586260.1,4.3.1.17;4.2.1.13;4.3.1.19,yes,L-serine ammonia-lyase,"-1:cpd00054:0:0:""L-Serine"";1:cpd00013:0:0:""NH3"";1:cpd00020:0:0:""Pyruvate""",>
,,rxn00171,R00228,NAD + CoA + Acetaldehyde <=> NADH + Acetyl-CoA + H+,WP_049588588.1,1.2.1.10,yes,acetaldehyde:NAD+ oxidoreductase (CoA-acetylating),"-1:cpd00003:0:0:""NAD"";-1:cpd00010:0:0:""CoA"";-1:cpd00071:0:0:""Acetaldehyde"";1:cpd00004:0:0:""NADH"";1:cpd00022:0:0:""Acetyl-CoA"";1:cpd00067:0:0:""H+""",=
,,rxn00173,R00230,Phosphate + Acetyl-CoA <=> CoA + Acetylphosphate,WP_049586784.1,2.3.1.8,yes,acetyl-CoA:phosphate acetyltransferase,"-1:cpd00009:0:0:""Phosphate"";-1:cpd00022:0:0:""Acetyl-CoA"";1:cpd00010:0:0:""CoA"";1:cpd00196:0:0:""Acetylphosphate""",=
,,rxn00175,R00235,ATP + CoA + Acetate => PPi + AMP + Acetyl-CoA + H+,WP_049586975.1,6.2.1.1,yes,Acetate:CoA ligase (AMP-forming),"-1:cpd00002:0:0:""ATP"";-1:cpd00010:0:0:""CoA"";-1:cpd00029:0:0:""Acetate"";1:cpd00012:0:0:""PPi"";1:cpd00018:0:0:""AMP"";1:cpd00022:0:0:""Acetyl-CoA"";1:cpd00067:0:0:""H+""",>
,,rxn00178,R00238,(2) Acetyl-CoA <=> CoA + Acetoacetyl-CoA,WP_049586525.1;WP_049585851.1,2.3.1.9;2.3.1.16,yes,Acetyl-CoA:acetyl-CoA C-acetyltransferase,"-2:cpd00022:0:0:""Acetyl-CoA"";1:cpd00010:0:0:""CoA"";1:cpd00279:0:0:""Acetoacetyl-CoA""",=
,,rxn00179,R00239,ATP + L-Glutamate <=> ADP + L-Glutamyl 5-phosphate,WP_049587803.1,2.7.2.11,yes,ATP:L-glutamate 5-phosphotransferase,"-1:cpd00002:0:0:""ATP"";-1:cpd00023:0:0:""L-Glutamate"";1:cpd00008:0:0:""ADP"";1:cpd02097:0:0:""L-Glutamyl 5-phosphate""",=
,,rxn00182,R00243,H2O + NAD + L-Glutamate <=> NADH + NH3 + 2-Oxoglutarate + H+,WP_049587790.1;WP_049586292.1,1.4.1.2;1.4.1.3;1.4.1.4,yes,L-glutamate:NAD+ oxidoreductase (deaminating),"-1:cpd00001:0:0:""H2O"";-1:cpd00003:0:0:""NAD"";-1:cpd00023:0:0:""L-Glutamate"";1:cpd00004:0:0:""NADH"";1:cpd00013:0:0:""NH3"";1:cpd00024:0:0:""2-Oxoglutarate"";1:cpd00067:0:0:""H+""",=
,,rxn00183,R00245,H2O + NAD + L-Glutamate5-semialdehyde <=> NADH + L-Glutamate + (2) H+,WP_014950684.1,1.2.1.88;1.5.1.12,yes,L-Glutamate 5-semialdehyde:NAD+ oxidoreductase,"-1:cpd00001:0:0:""H2O"";-1:cpd00003:0:0:""NAD"";-1:cpd00858:0:0:""L-Glutamate5-semialdehyde"";1:cpd00004:0:0:""NADH"";1:cpd00023:0:0:""L-Glutamate"";2:cpd00067:0:0:""H+""",=
,,rxn00184,R00248,H2O + NADP + L-Glutamate <=> NADPH + NH3 + 2-Oxoglutarate + H+,WP_049587790.1,1.4.1.4;1.4.1.3,yes,L-Glutamate:NADP+ oxidoreductase (deaminating),"-1:cpd00001:0:0:""H2O"";-1:cpd00006:0:0:""NADP"";-1:cpd00023:0:0:""L-Glutamate"";1:cpd00005:0:0:""NADPH"";1:cpd00013:0:0:""NH3"";1:cpd00024:0:0:""2-Oxoglutarate"";1:cpd00067:0:0:""H+""",=
,,rxn00189,R00256,H2O + L-Glutamine => NH3 + L-Glutamate,VTP54195.1;WP_049585995.1,3.5.1.2;3.5.1.38;6.3.5.4;6.3.5.5,yes,L-Glutamine amidohydrolase,"-1:cpd00001:0:0:""H2O"";-1:cpd00053:0:0:""L-Glutamine"";1:cpd00013:0:0:""NH3"";1:cpd00023:0:0:""L-Glutamate""",>
,,rxn00191,R00258,2-Oxoglutarate + L-Alanine <=> Pyruvate + L-Glutamate,WP_049587271.1,2.6.1.2,yes,L-Alanine:2-oxoglutarate aminotransferase,"-1:cpd00024:0:0:""2-Oxoglutarate"";-1:cpd00035:0:0:""L-Alanine"";1:cpd00020:0:0:""Pyruvate"";1:cpd00023:0:0:""L-Glutamate""",=
,,rxn00194,R00261,L-Glutamate + H+ => CO2 + GABA,WP_014977595.1,4.1.1.15,yes,L-glutamate 1-carboxy-lyase (4-aminobutanoate-forming),"-1:cpd00023:0:0:""L-Glutamate"";-1:cpd00067:0:0:""H+"";1:cpd00011:0:0:""CO2"";1:cpd00281:0:0:""GABA""",>
,,rxn00214,R00291,UDP-glucose <=> UDP-galactose,WP_014978530.1;VTP51053.1,5.1.3.2,yes,UDP-glucose 4-epimerase,"-1:cpd00026:0:0:""UDP-glucose"";1:cpd00043:0:0:""UDP-galactose""",=
,,rxn00225,R00315,ATP + Acetate <=> ADP + Acetylphosphate,WP_049586785.1,2.7.2.1;2.7.2.15,yes,ATP:acetate phosphotransferase,"-1:cpd00002:0:0:""ATP"";-1:cpd00029:0:0:""Acetate"";1:cpd00008:0:0:""ADP"";1:cpd00196:0:0:""Acetylphosphate""",=
,,rxn00247,R00341,ATP + Oxaloacetate => ADP + CO2 + Phosphoenolpyruvate,WP_049585467.1,4.1.1.49,yes,ATP:oxaloacetate carboxy-lyase (transphosphorylating;phosphoenolpyruvate-forming),"-1:cpd00002:0:0:""ATP"";-1:cpd00032:0:0:""Oxaloacetate"";1:cpd00008:0:0:""ADP"";1:cpd00011:0:0:""CO2"";1:cpd00061:0:0:""Phosphoenolpyruvate""",=
,,rxn00248,R00342,NAD + L-Malate <=> NADH + Oxaloacetate + H+,WP_014950802.1,1.1.1.37;1.1.1.299,yes,(S)-malate:NAD+ oxidoreductase,"-1:cpd00003:0:0:""NAD"";-1:cpd00130:0:0:""L-Malate"";1:cpd00004:0:0:""NADH"";1:cpd00032:0:0:""Oxaloacetate"";1:cpd00067:0:0:""H+""",=
,,rxn00256,R00351,CoA + H+ + Citrate <= H2O + Acetyl-CoA + Oxaloacetate,WP_014949444.1,2.3.3.1;2.3.3.16;2.3.3.3;4.1.3.7,yes,acetyl-CoA:oxaloacetate C-acetyltransferase (thioester-hydrolysing),"-1:cpd00010:0:0:""CoA"";-1:cpd00067:0:0:""H+"";-1:cpd00137:0:0:""Citrate"";1:cpd00001:0:0:""H2O"";1:cpd00022:0:0:""Acetyl-CoA"";1:cpd00032:0:0:""Oxaloacetate""",<
,,rxn00260,R00355,2-Oxoglutarate + L-Aspartate <=> L-Glutamate + Oxaloacetate,WP_049587271.1;WP_014949721.1,2.6.1.1,yes,L-Aspartate:2-oxoglutarate aminotransferase,"-1:cpd00024:0:0:""2-Oxoglutarate"";-1:cpd00041:0:0:""L-Aspartate"";1:cpd00023:0:0:""L-Glutamate"";1:cpd00032:0:0:""Oxaloacetate""",=
,,rxn00262,R00357,H2O + O2 + L-Aspartate => NH3 + H2O2 + Oxaloacetate,WP_014976996.1,1.4.3.16;1.4.3.2,yes,L-Aspartic acid:oxygen oxidoreductase (deaminating),"-1:cpd00001:0:0:""H2O"";-1:cpd00007:0:0:""O2"";-1:cpd00041:0:0:""L-Aspartate"";1:cpd00013:0:0:""NH3"";1:cpd00025:0:0:""H2O2"";1:cpd00032:0:0:""Oxaloacetate""",>
,,rxn00272,R00369,L-Alanine + Glyoxalate <=> Pyruvate + Glycine,VTP52648.1;WP_049588781.1,2.6.1.44,yes,L-Alanine:glyoxylate aminotransferase,"-1:cpd00035:0:0:""L-Alanine"";-1:cpd00040:0:0:""Glyoxalate"";1:cpd00020:0:0:""Pyruvate"";1:cpd00033:0:0:""Glycine""",=
,,rxn00274,R00371,Acetyl-CoA + Glycine <=> CoA + L-2-Amino-acetoacetate,WP_014977894.1,2.3.1.29,yes,Acetyl-CoA:glycine C-acetyltransferase,"-1:cpd00022:0:0:""Acetyl-CoA"";-1:cpd00033:0:0:""Glycine"";1:cpd00010:0:0:""CoA"";1:cpd02211:0:0:""L-2-Amino-acetoacetate""",=
,,rxn00285,R00405,ATP + CoA + Succinate <=> ADP + Phosphate + Succinyl-CoA,WP_012518366.1;WP_014949450.1,6.2.1.5,yes,Succinate:CoA ligase (ADP-forming),"-1:cpd00002:0:0:""ATP"";-1:cpd00010:0:0:""CoA"";-1:cpd00036:0:0:""Succinate"";1:cpd00008:0:0:""ADP"";1:cpd00009:0:0:""Phosphate"";1:cpd00078:0:0:""Succinyl-CoA""",=
,,rxn00289,R00409,Methylisocitrate <=> Pyruvate + Succinate,WP_049588089.1,4.1.3.30,yes,"(2S,3R)-3-hydroxybutane-1,2,3-tricarboxylate pyruvate-lyase (succinate-forming)","-1:cpd02799:0:0:""Methylisocitrate"";1:cpd00020:0:0:""Pyruvate"";1:cpd00036:0:0:""Succinate""",=
,,rxn00291,R00411,H2O + N-Succinyl-L-glutamate <=> L-Glutamate + Succinate,WP_049588976.1,3.5.1.96,yes,N-succinyl-L-glutamate amidohydrolase,"-1:cpd00001:0:0:""H2O"";-1:cpd03525:0:0:""N-Succinyl-L-glutamate"";1:cpd00023:0:0:""L-Glutamate"";1:cpd00036:0:0:""Succinate""",=
,,rxn00328,R00470,4-Hydroxy-2-oxoglutarate <=> Pyruvate + Glyoxalate,WP_014949660.1,4.1.3.16;4.1.3.42,yes,4-hydroxy-2-oxoglutarate glyoxylate-lyase (pyruvate-forming),"-1:cpd00830:0:0:""4-Hydroxy-2-oxoglutarate"";1:cpd00020:0:0:""Pyruvate"";1:cpd00040:0:0:""Glyoxalate""",=
,,rxn00330,R00472,CoA + H+ + L-Malate <= H2O + Acetyl-CoA + Glyoxalate,WP_049587987.1,2.3.3.9;4.1.3.2,yes,"acetyl-CoA:glyoxylate C-acetyltransferase (thioester-hydrolysing, carboxymethyl-forming)","-1:cpd00010:0:0:""CoA"";-1:cpd00067:0:0:""H+"";-1:cpd00130:0:0:""L-Malate"";1:cpd00001:0:0:""H2O"";1:cpd00022:0:0:""Acetyl-CoA"";1:cpd00040:0:0:""Glyoxalate""",<
,,rxn00336,R00479,Isocitrate <=> Succinate + Glyoxalate,WP_049587992.1,4.1.3.1,yes,isocitrate glyoxylate-lyase (succinate-forming),"-1:cpd00260:0:0:""Isocitrate"";1:cpd00036:0:0:""Succinate"";1:cpd00040:0:0:""Glyoxalate""",=
,,rxn00342,R00485,H2O + L-Asparagine => NH3 + L-Aspartate,WP_049586533.1;WP_014976407.1,3.5.1.1;3.5.1.38,yes,L-Asparagine amidohydrolase,"-1:cpd00001:0:0:""H2O"";-1:cpd00132:0:0:""L-Asparagine"";1:cpd00013:0:0:""NH3"";1:cpd00041:0:0:""L-Aspartate""",>
,,rxn00377,R00527,H2O + S-Formylglutathione => GSH + Formate + H+,WP_049588737.1,3.1.2.12,yes,S-Formylglutathione hydrolase,"-1:cpd00001:0:0:""H2O"";-1:cpd00759:0:0:""S-Formylglutathione"";1:cpd00042:0:0:""GSH"";1:cpd00047:0:0:""Formate"";1:cpd00067:0:0:""H+""",=
,,rxn00441,R00621,2-Oxoglutarate + TPP + H+ => CO2 + 3-Carboxy-1-hydroxypropyl-ThPP,WP_049588626.1,1.2.4.2,yes,R00621,"-1:cpd00024:0:0:""2-Oxoglutarate"";-1:cpd00056:0:0:""TPP"";-1:cpd00067:0:0:""H+"";1:cpd00011:0:0:""CO2"";1:cpd03189:0:0:""3-Carboxy-1-hydroxypropyl-ThPP""",>
,,rxn00459,R00658,2-Phospho-D-glycerate <=> H2O + Phosphoenolpyruvate,WP_049585952.1,4.2.1.11,yes,2-phospho-D-glycerate hydro-lyase (phosphoenolpyruvate-forming),"-1:cpd00482:0:0:""2-Phospho-D-glycerate"";1:cpd00001:0:0:""H2O"";1:cpd00061:0:0:""Phosphoenolpyruvate""",=
,,rxn00478,R00678,O2 + L-Tryptophan => N-Formylkynurenine,WP_049587680.1,1.13.11.11;1.13.11.52,yes,"L-tryptophan:oxygen 2,3-oxidoreductase (decyclizing)","-1:cpd00007:0:0:""O2"";-1:cpd00065:0:0:""L-Tryptophan"";1:cpd01749:0:0:""N-Formylkynurenine""",>
,,rxn00500,R00704,NAD + D-Lactate <=> NADH + Pyruvate + H+,WP_049586233.1,1.1.1.28,yes,(R)-Lactate:NAD+ oxidoreductase,"-1:cpd00003:0:0:""NAD"";-1:cpd00221:0:0:""D-Lactate"";1:cpd00004:0:0:""NADH"";1:cpd00020:0:0:""Pyruvate"";1:cpd00067:0:0:""H+""",=
,,rxn00501,R00705,NAD + CoA + 3-Oxopropanoate => NADH + CO2 + Acetyl-CoA,WP_020744244.1,1.2.1.18;1.2.1.27,yes,"3-Oxopropanoate:NAD+ oxidoreductase (decarboxylating, CoA-acetylating)","-1:cpd00003:0:0:""NAD"";-1:cpd00010:0:0:""CoA"";-1:cpd00191:0:0:""3-Oxopropanoate"";1:cpd00004:0:0:""NADH"";1:cpd00011:0:0:""CO2"";1:cpd00022:0:0:""Acetyl-CoA""",=
,,rxn00507,R00711,H2O + NADP + Acetaldehyde => NADPH + Acetate + (2) H+,WP_014950684.1;WP_049587341.1,1.2.1.4;1.2.1.3;1.2.1.5,yes,Acetaldehyde:NADP+ oxidoreductase,"-1:cpd00001:0:0:""H2O"";-1:cpd00006:0:0:""NADP"";-1:cpd00071:0:0:""Acetaldehyde"";1:cpd00005:0:0:""NADPH"";1:cpd00029:0:0:""Acetate"";2:cpd00067:0:0:""H+""",=
,,rxn00527,R00734,2-Oxoglutarate + L-Tyrosine <=> L-Glutamate + p-hydroxyphenylpyruvate,WP_014949721.1,2.6.1.5;2.6.1.1;2.6.1.57;2.6.1.9,yes,L-tyrosine:2-oxoglutarate aminotransferase,"-1:cpd00024:0:0:""2-Oxoglutarate"";-1:cpd00069:0:0:""L-Tyrosine"";1:cpd00023:0:0:""L-Glutamate"";1:cpd00868:0:0:""p-hydroxyphenylpyruvate""",=
,,rxn00543,R00754,NAD + Ethanol <=> NADH + H+ + Acetaldehyde,WP_049587342.1;WP_049586860.1;WP_049586019.1,1.1.1.1;1.1.1.71,yes,ethanol:NAD+ oxidoreductase,"-1:cpd00003:0:0:""NAD"";-1:cpd00363:0:0:""Ethanol"";1:cpd00004:0:0:""NADH"";1:cpd00067:0:0:""H+"";1:cpd00071:0:0:""Acetaldehyde""",=
,,rxn00547,R00760,ATP + D-Fructose => ADP + H+ + D-fructose-6-phosphate,WP_049585734.1,2.7.1.4;2.7.1.1,yes,ATP:D-fructose 6-phosphotransferase,"-1:cpd00002:0:0:""ATP"";-1:cpd00082:0:0:""D-Fructose"";1:cpd00008:0:0:""ADP"";1:cpd00067:0:0:""H+"";1:cpd00072:0:0:""D-fructose-6-phosphate""",=
,,rxn00559,R00772,D-mannose-6-phosphate <=> D-fructose-6-phosphate,KHT61264.1;WP_049586730.1,5.3.1.8,yes,D-mannose-6-phosphate aldose-ketose-isomerase,"-1:cpd00235:0:0:""D-mannose-6-phosphate"";1:cpd00072:0:0:""D-fructose-6-phosphate""",=
,,rxn00568,R00787,(2) H2O + (3) NAD + NH3 => (3) NADH + (4) H+ + Nitrite,WP_049586997.1;WP_014975661.1,1.7.1.15;1.6.6.-;1.7.1.4,yes,NIRBD-RXN.c,"-2:cpd00001:0:0:""H2O"";-3:cpd00003:0:0:""NAD"";-1:cpd00013:0:0:""NH3"";3:cpd00004:0:0:""NADH"";4:cpd00067:0:0:""H+"";1:cpd00075:0:0:""Nitrite""",<
,,rxn00577,R00803,Phosphate + Sucrose => D-Fructose + Glucose-1-phosphate,WP_049586874.1,2.4.1.7,yes,sucrose:phosphate alpha-D-glucosyltransferase,"-1:cpd00009:0:0:""Phosphate"";-1:cpd00076:0:0:""Sucrose"";1:cpd00082:0:0:""D-Fructose"";1:cpd00089:0:0:""Glucose-1-phosphate""",=
,,rxn00601,R00832,L-Arginine + Succinyl-CoA => CoA + H+ + N2-Succinyl-L-arginine,WP_014948020.1,2.3.1.109,yes,succinyl-CoA:L-arginine N2-succinyltransferase,"-1:cpd00051:0:0:""L-Arginine"";-1:cpd00078:0:0:""Succinyl-CoA"";1:cpd00010:0:0:""CoA"";1:cpd00067:0:0:""H+"";1:cpd02103:0:0:""N2-Succinyl-L-arginine""",>
,,rxn00615,R00847,ATP + Glycerol => ADP + H+ + Glycerol-3-phosphate,WP_049588438.1,2.7.1.30,yes,ATP:glycerol 3-phosphotransferase,"-1:cpd00002:0:0:""ATP"";-1:cpd00100:0:0:""Glycerol"";1:cpd00008:0:0:""ADP"";1:cpd00067:0:0:""H+"";1:cpd00080:0:0:""Glycerol-3-phosphate""",=
,,rxn00649,R00897,H2S + O-Acetyl-L-serine <=> Acetate + L-Cysteine,WP_049585787.1;WP_041693510.1,2.5.1.47;2.5.1.65,yes,O3-acetyl-L-serine:hydrogen-sulfide 2-amino-2-carboxyethyltransferase,"-1:cpd00239:0:0:""H2S"";-1:cpd00722:0:0:""O-Acetyl-L-serine"";1:cpd00029:0:0:""Acetate"";1:cpd00084:0:0:""L-Cysteine""",>
,,rxn00671,R00922,NAD + CoA + 3-Oxo-2-methylpropanoate => NADH + CO2 + Propionyl-CoA,WP_020744244.1,1.2.1.27,yes,2-Methyl-3-oxopropanoate:NAD+ oxidoreductase (CoA-propanoylating),"-1:cpd00003:0:0:""NAD"";-1:cpd00010:0:0:""CoA"";-1:cpd00287:0:0:""3-Oxo-2-methylpropanoate"";1:cpd00004:0:0:""NADH"";1:cpd00011:0:0:""CO2"";1:cpd00086:0:0:""Propionyl-CoA""",=
,,rxn00676,R00927,Acetyl-CoA + Propionyl-CoA <=> CoA + 2-Methylacetoacetyl-CoA,WP_049585851.1,2.3.1.16;2.3.1.9,yes,acetyl-CoA:propanoyl-CoA 2-C-acetyltransferase,"-1:cpd00022:0:0:""Acetyl-CoA"";-1:cpd00086:0:0:""Propionyl-CoA"";1:cpd00010:0:0:""CoA"";1:cpd02124:0:0:""2-Methylacetoacetyl-CoA""",=
,,rxn00679,R00931,CoA + H+ + 2-Methylcitrate <= H2O + Oxaloacetate + Propionyl-CoA,WP_049588091.1,2.3.3.5;4.1.3.31,yes,"propanoyl-CoA:oxaloacetate C-propanoyltransferase (thioester-hydrolysing, 1-carboxyethyl-forming)","-1:cpd00010:0:0:""CoA"";-1:cpd00067:0:0:""H+"";-1:cpd01501:0:0:""2-Methylcitrate"";1:cpd00001:0:0:""H2O"";1:cpd00032:0:0:""Oxaloacetate"";1:cpd00086:0:0:""Propionyl-CoA""",<
,,rxn00686,R00939,NADP + Tetrahydrofolate <=> NADPH + H+ + Dihydrofolate,VTO38239.1;WP_049588769.1,1.5.1.3,yes,"5,6,7,8-tetrahydrofolate:NADP+ oxidoreductase","-1:cpd00006:0:0:""NADP"";-1:cpd00087:0:0:""Tetrahydrofolate"";1:cpd00005:0:0:""NADPH"";1:cpd00067:0:0:""H+"";1:cpd00330:0:0:""Dihydrofolate""",=
,,rxn00691,R00944,H2O + 10-Formyltetrahydrofolate => Formate + H+ + Tetrahydrofolate,WP_049588561.1,3.5.1.10,yes,10-Formyltetrahydrofolate amidohydrolase,"-1:cpd00001:0:0:""H2O"";-1:cpd00201:0:0:""10-Formyltetrahydrofolate"";1:cpd00047:0:0:""Formate"";1:cpd00067:0:0:""H+"";1:cpd00087:0:0:""Tetrahydrofolate""",=
,,rxn00692,R00945,H2O + Glycine + 5-10-Methylenetetrahydrofolate <=> L-Serine + Tetrahydrofolate,WP_049588376.1,2.1.2.1,yes,"5,10-Methylenetetrahydrofolate:glycine hydroxymethyltransferase","-1:cpd00001:0:0:""H2O"";-1:cpd00033:0:0:""Glycine"";-1:cpd00125:0:0:""5-10-Methylenetetrahydrofolate"";1:cpd00054:0:0:""L-Serine"";1:cpd00087:0:0:""Tetrahydrofolate""",=
,,rxn00693,R00946,Homocysteine + 5-Methyltetrahydrofolate <=> L-Methionine + Tetrahydrofolate,WP_049588027.1,2.1.1.13,yes,5-Methyltetrahydrofolate:L-homocysteine S-methyltransferase,"-1:cpd00135:0:0:""Homocysteine"";-1:cpd00345:0:0:""5-Methyltetrahydrofolate"";1:cpd00060:0:0:""L-Methionine"";1:cpd00087:0:0:""Tetrahydrofolate""",=
,,rxn00701,R00955,UDP-glucose + D-Galactose 1-phosphate <=> UDP-galactose + Glucose-1-phosphate,WP_049589081.1,2.7.7.12,yes,UDP-glucose:alpha-D-galactose-1-phosphate uridylyltransferase,"-1:cpd00026:0:0:""UDP-glucose"";-1:cpd00348:0:0:""D-Galactose 1-phosphate"";1:cpd00043:0:0:""UDP-galactose"";1:cpd00089:0:0:""Glucose-1-phosphate""",=
,,rxn00735,R00994,NADH + CO2 + 2-Oxobutyrate <= NAD + D-erythro-3-Methylmalate,WP_049585949.1,1.1.1.85,yes,"(2R,3S)-3-methylmalate:NAD+ oxidoreductase","-1:cpd00004:0:0:""NADH"";-1:cpd00011:0:0:""CO2"";-1:cpd00094:0:0:""2-Oxobutyrate"";1:cpd00003:0:0:""NAD"";1:cpd03593:0:0:""D-erythro-3-Methylmalate""",<
,,rxn00737,R00996,L-Threonine => NH3 + 2-Oxobutyrate,WP_014977809.1;WP_049588717.1,4.3.1.17;4.3.1.19,yes,L-threonine ammonia-lyase (2-oxobutanoate-forming),"-1:cpd00161:0:0:""L-Threonine"";1:cpd00013:0:0:""NH3"";1:cpd00094:0:0:""2-Oxobutyrate""",>
,,rxn00747,R01015,Glyceraldehyde3-phosphate <=> Glycerone-phosphate,WP_080986462.1,5.3.1.1,yes,D-glyceraldehyde-3-phosphate aldose-ketose-isomerase,"-1:cpd00102:0:0:""Glyceraldehyde3-phosphate"";1:cpd00095:0:0:""Glycerone-phosphate""",=
,,rxn00758,R01030,H2O + Glycerophosphocholine => H+ + Glycerol-3-phosphate + Choline,WP_049588313.1,3.1.4.46;3.1.4.2,yes,sn-Glycero-3-phosphocholine glycerophosphohydrolase,"-1:cpd00001:0:0:""H2O"";-1:cpd00507:0:0:""Glycerophosphocholine"";1:cpd00067:0:0:""H+"";1:cpd00080:0:0:""Glycerol-3-phosphate"";1:cpd00098:0:0:""Choline""",>
,,rxn00777,R01056,ribose-5-phosphate <=> D-Ribulose5-phosphate,WP_049586099.1;WP_049588488.1,5.3.1.6,yes,D-ribose-5-phosphate aldose-ketose-isomerase,"-1:cpd00101:0:0:""ribose-5-phosphate"";1:cpd00171:0:0:""D-Ribulose5-phosphate""",=
,,rxn00781,R01061,"NAD + Phosphate + Glyceraldehyde3-phosphate <=> NADH + H+ + 1,3-Bisphospho-D-glycerate",WP_049587602.1,1.2.1.12;1.2.1.59,yes,D-glyceraldehyde-3-phosphate:NAD+ oxidoreductase (phosphorylating),"-1:cpd00003:0:0:""NAD"";-1:cpd00009:0:0:""Phosphate"";-1:cpd00102:0:0:""Glyceraldehyde3-phosphate"";1:cpd00004:0:0:""NADH"";1:cpd00067:0:0:""H+"";1:cpd00203:0:0:""1,3-Bisphospho-D-glycerate""",=
,,rxn00786,R01068,"D-fructose-1,6-bisphosphate <=> Glycerone-phosphate + Glyceraldehyde3-phosphate",WP_049586194.1,4.1.2.13,yes,"D-fructose-1,6-bisphosphate D-glyceraldehyde-3-phosphate-lyase (glycerone-phosphate-forming)","-1:cpd00290:0:0:""D-fructose-1,6-bisphosphate"";1:cpd00095:0:0:""Glycerone-phosphate"";1:cpd00102:0:0:""Glyceraldehyde3-phosphate""",=
,,rxn00790,R01072,PPi + L-Glutamate + H+ + 5-Phosphoribosylamine <= H2O + L-Glutamine + PRPP,WP_014949941.1,2.4.2.14,yes,5-phosphoribosylamine:diphosphate phospho-alpha-D-ribosyltransferase (glutamate-amidating),"-1:cpd00012:0:0:""PPi"";-1:cpd00023:0:0:""L-Glutamate"";-1:cpd00067:0:0:""H+"";-1:cpd01982:0:0:""5-Phosphoribosylamine"";1:cpd00001:0:0:""H2O"";1:cpd00053:0:0:""L-Glutamine"";1:cpd00103:0:0:""PRPP""",<
,,rxn00799,R01082,L-Malate <=> H2O + Fumarate,WP_049588132.1,4.2.1.2,yes,(S)-malate hydro-lyase (fumarate-forming),"-1:cpd00130:0:0:""L-Malate"";1:cpd00001:0:0:""H2O"";1:cpd00106:0:0:""Fumarate""",=
,,rxn00808,R01092,ATP + Galactose => ADP + H+ + D-Galactose 1-phosphate,WP_061093966.1,2.7.1.6,yes,ATP:D-galactose 1-phosphotransferase,"-1:cpd00002:0:0:""ATP"";-1:cpd00108:0:0:""Galactose"";1:cpd00008:0:0:""ADP"";1:cpd00067:0:0:""H+"";1:cpd00348:0:0:""D-Galactose 1-phosphate""",=
,,rxn00817,R01101,H2O + Melibiose => D-Glucose + Galactose,WP_049589075.1,3.2.1.22,yes,melibiose galactohydrolase,"-1:cpd00001:0:0:""H2O"";-1:cpd03198:0:0:""Melibiose"";1:cpd00027:0:0:""D-Glucose"";1:cpd00108:0:0:""Galactose""",<
,,rxn00831,R01126,H2O + IMP <=> Phosphate + Inosine,WP_014951321.1,3.1.3.5;3.1.3.99,yes,Inosine 5'-monophosphate phosphohydrolase,"-1:cpd00001:0:0:""H2O"";-1:cpd00114:0:0:""IMP"";1:cpd00009:0:0:""Phosphate"";1:cpd00246:0:0:""Inosine""",=
,,rxn00834,R01130,H2O + NAD + IMP <=> NADH + H+ + XMP,WP_014950158.1,1.1.1.205,yes,IMP:NAD+ oxidoreductase,"-1:cpd00001:0:0:""H2O"";-1:cpd00003:0:0:""NAD"";-1:cpd00114:0:0:""IMP"";1:cpd00004:0:0:""NADH"";1:cpd00067:0:0:""H+"";1:cpd00497:0:0:""XMP""",=
,,rxn00867,R01168,L-Histidine => NH3 + Urocanate,WP_049589036.1,4.3.1.3,yes,L-histidine ammonia-lyase (urocanate-forming),"-1:cpd00119:0:0:""L-Histidine"";1:cpd00013:0:0:""NH3"";1:cpd00581:0:0:""Urocanate""",>
,,rxn00868,R01171,NAD + Butyryl-CoA <= NADH + H+ + Crotonyl-CoA,WP_049586958.1,1.3.1.44;1.3.8.1,yes,"Butanoyl-CoA:(acceptor) 2,3-oxidoreductase","-1:cpd00003:0:0:""NAD"";-1:cpd00120:0:0:""Butyryl-CoA"";1:cpd00004:0:0:""NADH"";1:cpd00067:0:0:""H+"";1:cpd00650:0:0:""Crotonyl-CoA""",=
,,rxn00872,R01175,FAD + Butyryl-CoA <=> Crotonyl-CoA + FADH2,WP_049589161.1,1.3.8.1;1.3.3.6;1.3.99.-;1.3.99.2;1.3.99.3,yes,Butanoyl-CoA:oxygen 2-oxidoreductase,"-1:cpd00015:0:0:""FAD"";-1:cpd00120:0:0:""Butyryl-CoA"";1:cpd00650:0:0:""Crotonyl-CoA"";1:cpd00982:0:0:""FADH2""",=
,,rxn00881,R01185,H2O + Inositol 1-phosphate <=> Phosphate + L-Inositol,WP_014950183.1,3.1.3.25,yes,1D-myo-Inositol 1-phosphate phosphohydrolase,"-1:cpd00001:0:0:""H2O"";-1:cpd00867:0:0:""Inositol 1-phosphate"";1:cpd00009:0:0:""Phosphate"";1:cpd00121:0:0:""L-Inositol""",>
,,rxn00898,R01209,"2,3-Dihydroxy-isovalerate => H2O + 3-Methyl-2-oxobutanoate",WP_014977810.1,4.2.1.9,yes,"2,3-Dihydroxy-3-methylbutanoate hydro-lyase","-1:cpd02498:0:0:""2,3-Dihydroxy-isovalerate"";1:cpd00001:0:0:""H2O"";1:cpd00123:0:0:""3-Methyl-2-oxobutanoate""",>
,,rxn00907,R01220,NADP + 5-10-Methylenetetrahydrofolate <=> NADPH + 5-10-Methenyltetrahydrofolate,WP_014950149.1,1.5.1.5,yes,"5,10-methylenetetrahydrofolate:NADP+ oxidoreductase","-1:cpd00006:0:0:""NADP"";-1:cpd00125:0:0:""5-10-Methylenetetrahydrofolate"";1:cpd00005:0:0:""NADPH"";1:cpd00347:0:0:""5-10-Methenyltetrahydrofolate""",=
,,rxn00913,R01227,H2O + GMP <=> Phosphate + Guanosine,WP_014951321.1,3.1.3.5,yes,Guanosine 5'-monophosphate phosphohydrolase,"-1:cpd00001:0:0:""H2O"";-1:cpd00126:0:0:""GMP"";1:cpd00009:0:0:""Phosphate"";1:cpd00311:0:0:""Guanosine""",=
,,rxn00946,R01279,FAD + Palmitoyl-CoA <=> FADH2 + (2E)-Hexadecenoyl-CoA,WP_014947786.1;WP_014976690.1;WP_049586522.1,1.3.8.7;1.3.99.-;1.3.8.8;1.3.3.6;1.3.8.9;1.3.99.13;1.3.99.3,yes,Palmitoyl-CoA:oxygen 2-oxidoreductase,"-1:cpd00015:0:0:""FAD"";-1:cpd00134:0:0:""Palmitoyl-CoA"";1:cpd00982:0:0:""FADH2"";1:cpd03126:0:0:""(2E)-Hexadecenoyl-CoA""",<
,,rxn00947,R01280,ATP + CoA + Palmitate => PPi + AMP + H+ + Palmitoyl-CoA,WP_049587062.1,6.2.1.3,yes,Palmitate:CoA ligase (AMP-forming),"-1:cpd00002:0:0:""ATP"";-1:cpd00010:0:0:""CoA"";-1:cpd00214:0:0:""Palmitate"";1:cpd00012:0:0:""PPi"";1:cpd00018:0:0:""AMP"";1:cpd00067:0:0:""H+"";1:cpd00134:0:0:""Palmitoyl-CoA""",>
,,rxn00979,R01333,H2O + NAD + Glycolaldehyde <=> NADH + (2) H+ + Glycolate,WP_049588591.1,1.2.1.21,yes,glycolaldehyde:NAD+ oxidoreductase,"-1:cpd00001:0:0:""H2O"";-1:cpd00003:0:0:""NAD"";-1:cpd00229:0:0:""Glycolaldehyde"";1:cpd00004:0:0:""NADH"";2:cpd00067:0:0:""H+"";1:cpd00139:0:0:""Glycolate""",>
,,rxn00993,R01364,H+ + Fumarate + Acetoacetate <= H2O + Fumarylacetoacetate,WP_049587676.1,3.7.1.2,yes,4-fumarylacetoacetate fumarylhydrolase,"-1:cpd00067:0:0:""H+"";-1:cpd00106:0:0:""Fumarate"";-1:cpd00142:0:0:""Acetoacetate"";1:cpd00001:0:0:""H2O"";1:cpd00780:0:0:""Fumarylacetoacetate""",<
,,rxn01053,R01446,H2O + NAD + L-Lactaldehyde <=> NADH + (2) H+ + L-Lactate,WP_049588591.1,1.2.1.22;1.2.1.-;1.2.1.21,yes,(S)-lactaldehyde:NAD+ oxidoreductase,"-1:cpd00001:0:0:""H2O"";-1:cpd00003:0:0:""NAD"";-1:cpd00334:0:0:""L-Lactaldehyde"";1:cpd00004:0:0:""NADH"";2:cpd00067:0:0:""H+"";1:cpd00159:0:0:""L-Lactate""",=
,,rxn01068,R01465,NAD + L-Threonine <=> NADH + H+ + L-2-Amino-acetoacetate,WP_049587537.1,1.1.1.103,yes,L-threonine:NAD+ oxidoreductase,"-1:cpd00003:0:0:""NAD"";-1:cpd00161:0:0:""L-Threonine"";1:cpd00004:0:0:""NADH"";1:cpd00067:0:0:""H+"";1:cpd02211:0:0:""L-2-Amino-acetoacetate""",=
,,rxn01080,R01482,Glucuronate <=> D-Fructuronate,WP_049589017.1,5.3.1.12,yes,D-glucuronate aldose-ketose-isomerase,"-1:cpd00164:0:0:""Glucuronate"";1:cpd00672:0:0:""D-Fructuronate""",=
,,rxn01100,R01512,"ATP + 3-Phosphoglycerate <=> ADP + 1,3-Bisphospho-D-glycerate",WP_049586192.1,2.7.2.3,yes,ATP:3-phospho-D-glycerate 1-phosphotransferase,"-1:cpd00002:0:0:""ATP"";-1:cpd00169:0:0:""3-Phosphoglycerate"";1:cpd00008:0:0:""ADP"";1:cpd00203:0:0:""1,3-Bisphospho-D-glycerate""",=
,,rxn01106,R01518,2-Phospho-D-glycerate <=> 3-Phosphoglycerate,WP_014947970.1,5.4.2.11;5.4.2.12,yes,"2-Phospho-D-glycerate 2,3-phosphomutase","-1:cpd00482:0:0:""2-Phospho-D-glycerate"";1:cpd00169:0:0:""3-Phosphoglycerate""",=
,,rxn01116,R01529,D-Ribulose5-phosphate <=> D-Xylulose5-phosphate,WP_049588788.1,5.1.3.1,yes,D-Ribulose-5-phosphate 3-epimerase,"-1:cpd00171:0:0:""D-Ribulose5-phosphate"";1:cpd00198:0:0:""D-Xylulose5-phosphate""",=
,,rxn01123,R01541,ATP + 2-keto-3-deoxygluconate => ADP + H+ + 2-Keto-3-deoxy-6-phosphogluconate,WP_049589015.1;WP_049588496.1,2.7.1.45;2.7.1.178,yes,ATP:2-dehydro-3-deoxy-D-gluconate 6-phosphotransferase,"-1:cpd00002:0:0:""ATP"";-1:cpd00176:0:0:""2-keto-3-deoxygluconate"";1:cpd00008:0:0:""ADP"";1:cpd00067:0:0:""H+"";1:cpd02711:0:0:""2-Keto-3-deoxy-6-phosphogluconate""",=
,,rxn01137,R01560,H2O + H+ + Adenosine => NH3 + Inosine,WP_049586618.1,3.5.4.4,yes,Adenosine aminohydrolase,"-1:cpd00001:0:0:""H2O"";-1:cpd00067:0:0:""H+"";-1:cpd00182:0:0:""Adenosine"";1:cpd00013:0:0:""NH3"";1:cpd00246:0:0:""Inosine""",=
,,rxn01188,R01627,3-Dehydroshikimate => H2O + Protocatechuate,WP_049586331.1,4.2.1.118,yes,3-dehydroshikimate hydro-lyase,"-1:cpd01716:0:0:""3-Dehydroshikimate"";1:cpd00001:0:0:""H2O"";1:cpd00197:0:0:""Protocatechuate""",>
,,rxn01200,R01641,Glyceraldehyde3-phosphate + Sedoheptulose7-phosphate <=> ribose-5-phosphate + D-Xylulose5-phosphate,WP_049586189.1,2.2.1.1,yes,Sedoheptulose-7-phosphate:D-glyceraldehyde-3-phosphate glycolaldehyde transferase,"-1:cpd00102:0:0:""Glyceraldehyde3-phosphate"";-1:cpd00238:0:0:""Sedoheptulose7-phosphate"";1:cpd00101:0:0:""ribose-5-phosphate"";1:cpd00198:0:0:""D-Xylulose5-phosphate""",=
,,rxn01211,R01655,H2O + 5-10-Methenyltetrahydrofolate <= H+ + 10-Formyltetrahydrofolate,WP_014950149.1,3.5.4.9,yes,"5,10-Methenyltetrahydrofolate 5-hydrolase (decyclizing)","-1:cpd00001:0:0:""H2O"";-1:cpd00347:0:0:""5-10-Methenyltetrahydrofolate"";1:cpd00067:0:0:""H+"";1:cpd00201:0:0:""10-Formyltetrahydrofolate""",=
,,rxn01225,R01676,H2O + H+ + Guanine => NH3 + XAN,WP_049588801.1,3.5.4.3,yes,Guanine aminohydrolase,"-1:cpd00001:0:0:""H2O"";-1:cpd00067:0:0:""H+"";-1:cpd00207:0:0:""Guanine"";1:cpd00013:0:0:""NH3"";1:cpd00309:0:0:""XAN""",>
,,rxn01275,R01737,ATP + GLCN => ADP + H+ + 6-Phospho-D-gluconate,WP_039216382.1,2.7.1.12,yes,ATP:D-Gluconate 6-phosphotransferase,"-1:cpd00002:0:0:""ATP"";-1:cpd00222:0:0:""GLCN"";1:cpd00008:0:0:""ADP"";1:cpd00067:0:0:""H+"";1:cpd00284:0:0:""6-Phospho-D-gluconate""",=
,,rxn01315,R01795,O2 + L-Phenylalanine + Tetrahydrobiopterin => H2O + L-Tyrosine + Dihydrobiopterin,WP_014948685.1,1.14.16.1,yes,"L-Phenylalanine,tetrahydrobiopterin:oxygen oxidoreductase (4-hydroxylating)","-1:cpd00007:0:0:""O2"";-1:cpd00066:0:0:""L-Phenylalanine"";-1:cpd00233:0:0:""Tetrahydrobiopterin"";1:cpd00001:0:0:""H2O"";1:cpd00069:0:0:""L-Tyrosine"";1:cpd00231:0:0:""Dihydrobiopterin""",>
,,rxn01333,R01827,Glyceraldehyde3-phosphate + Sedoheptulose7-phosphate <=> D-fructose-6-phosphate + D-Erythrose4-phosphate,WP_039226298.1,2.2.1.2,yes,sedoheptulose-7-phosphate:D-glyceraldehyde-3-phosphate glyceronetransferase,"-1:cpd00102:0:0:""Glyceraldehyde3-phosphate"";-1:cpd00238:0:0:""Sedoheptulose7-phosphate"";1:cpd00072:0:0:""D-fructose-6-phosphate"";1:cpd00236:0:0:""D-Erythrose4-phosphate""",=
,,rxn01387,R01899,NADP + Isocitrate <=> NADPH + H+ + Oxalosuccinate,WP_049586716.1,1.1.1.42,yes,Isocitrate:NADP+ oxidoreductase,"-1:cpd00006:0:0:""NADP"";-1:cpd00260:0:0:""Isocitrate"";1:cpd00005:0:0:""NADPH"";1:cpd00067:0:0:""H+"";1:cpd03187:0:0:""Oxalosuccinate""",=
,,rxn01451,R01975,NAD + (S)-3-Hydroxybutyryl-CoA <=> NADH + H+ + Acetoacetyl-CoA,WP_049588754.1;VTP51252.1;WP_049588521.1,1.1.1.35;1.1.1.211,yes,(S)-3-Hydroxybutanoyl-CoA:NAD+ oxidoreductase,"-1:cpd00003:0:0:""NAD"";-1:cpd00842:0:0:""(S)-3-Hydroxybutyryl-CoA"";1:cpd00004:0:0:""NADH"";1:cpd00067:0:0:""H+"";1:cpd00279:0:0:""Acetoacetyl-CoA""",=
,,rxn01457,R01983,D-Galacturonate <=> D-Tagaturonate,WP_049589017.1,5.3.1.12,yes,D-Galacturonate aldose-ketose-isomerase,"-1:cpd00280:0:0:""D-Galacturonate"";1:cpd00437:0:0:""D-Tagaturonate""",=
,,rxn01476,R02035,H2O + 6-phospho-D-glucono-1-5-lactone <=> H+ + 6-Phospho-D-gluconate,WP_014979596.1,3.1.1.31,yes,"6-Phospho-D-glucono-1,5-lactone lactonohydrolase","-1:cpd00001:0:0:""H2O"";-1:cpd00911:0:0:""6-phospho-D-glucono-1-5-lactone"";1:cpd00067:0:0:""H+"";1:cpd00284:0:0:""6-Phospho-D-gluconate""",=
,,rxn01477,R02036,6-Phospho-D-gluconate => H2O + 2-Keto-3-deoxy-6-phosphogluconate,WP_014998717.1,4.2.1.12,yes,6-Phospho-D-gluconate hydro-lyase(2-dehydro-3-deoxy-6-phospho-D-gluconate-forming),"-1:cpd00284:0:0:""6-Phospho-D-gluconate"";1:cpd00001:0:0:""H2O"";1:cpd02711:0:0:""2-Keto-3-deoxy-6-phosphogluconate""",>
,,rxn01484,R02059,H2O + N-Acetyl-D-glucosamine 6-phosphate <=> Acetate + D-Glucosamine phosphate,WP_049585927.1,3.5.1.25,yes,N-Acetyl-D-glucosamine-6-phosphate amidohydrolase,"-1:cpd00001:0:0:""H2O"";-1:cpd00293:0:0:""N-Acetyl-D-glucosamine 6-phosphate"";1:cpd00029:0:0:""Acetate"";1:cpd00288:0:0:""D-Glucosamine phosphate""",=
,,rxn01504,R02085,HMG-CoA <=> H2O + 3-Methylglutaconyl-CoA,WP_049586519.1,4.2.1.18,yes,(S)-3-Hydroxy-3-methylglutaryl-CoA hydro-lyase (trans-3-methylglutaconyl-CoA-forming),"-1:cpd00292:0:0:""HMG-CoA"";1:cpd00001:0:0:""H2O"";1:cpd02068:0:0:""3-Methylglutaconyl-CoA""",=
,,rxn01520,R02101,5-10-Methylenetetrahydrofolate + dUMP => dTMP + Dihydrofolate,WP_014948183.1,2.1.1.45,yes,"5,10-Methylenetetrahydrofolate:dUMP C-methyltransferase","-1:cpd00125:0:0:""5-10-Methylenetetrahydrofolate"";-1:cpd00299:0:0:""dUMP"";1:cpd00298:0:0:""dTMP"";1:cpd00330:0:0:""Dihydrofolate""",>
,,rxn01522,R02103,H2O + NAD + XAN <=> NADH + H+ + Urate,WP_049588804.1;WP_049587886.1;WP_049587884.1;WP_049588805.1;WP_039228167.1,1.17.1.4;1.1.1.204,yes,xanthine:NAD+ oxidoreductase,"-1:cpd00001:0:0:""H2O"";-1:cpd00003:0:0:""NAD"";-1:cpd00309:0:0:""XAN"";1:cpd00004:0:0:""NADH"";1:cpd00067:0:0:""H+"";1:cpd00300:0:0:""Urate""",=
,,rxn01639,R02285,H2O + N-Formimino-L-glutamate <= L-Glutamate + Formamide,WP_049589033.1,3.5.3.8,yes,N-Formimino-L-glutamate formiminohydrolase,"-1:cpd00001:0:0:""H2O"";-1:cpd00344:0:0:""N-Formimino-L-glutamate"";1:cpd00023:0:0:""L-Glutamate"";1:cpd00378:0:0:""Formamide""",<
,,rxn01642,R02288,H2O + 4-Imidazolone-5-propanoate => N-Formimino-L-glutamate,HBN98087.1,3.5.2.7,yes,4-imidazolone-5-propanoate amidohydrolase,"-1:cpd00001:0:0:""H2O"";-1:cpd02311:0:0:""4-Imidazolone-5-propanoate"";1:cpd00344:0:0:""N-Formimino-L-glutamate""",>
,,rxn01653,R02301,ATP + 5-Formyltetrahydrofolate => ADP + Phosphate + 5-10-Methenyltetrahydrofolate,VTP54519.1,6.3.3.2,yes,5-Formyltetrahydrofolate cyclo-ligase (ADP-forming),"-1:cpd00002:0:0:""ATP"";-1:cpd02197:0:0:""5-Formyltetrahydrofolate"";1:cpd00008:0:0:""ADP"";1:cpd00009:0:0:""Phosphate"";1:cpd00347:0:0:""5-10-Methenyltetrahydrofolate""",>
,,rxn01664,R02317,H2O + H+ + delta1-Piperideine-6-L-carboxylate <= 2-Aminoadipate 6-semialdehyde,WP_049585722.1,1.4.1.18,yes,(S)-2-Amino-6-oxohexanoate hydro-lyase (spontaneous),"-1:cpd00001:0:0:""H2O"";-1:cpd00067:0:0:""H+"";-1:cpd00352:0:0:""delta1-Piperideine-6-L-carboxylate"";1:cpd02522:0:0:""2-Aminoadipate 6-semialdehyde""",?
,,rxn01747,R02423,H2O + (2) H+ + Allantoate => CO2 + NH3 + Ureidoglycine,WP_049588841.1,3.5.3.9,yes,allantoate amidinohydrolase (decarboxylating),"-1:cpd00001:0:0:""H2O"";-2:cpd00067:0:0:""H+"";-1:cpd00388:0:0:""Allantoate"";1:cpd00011:0:0:""CO2"";1:cpd00013:0:0:""NH3"";1:cpd01419:0:0:""Ureidoglycine""",=
,,rxn01761,R02437,L-Rhamnose <=> L-Rhamnulose,WP_049588489.1,5.3.1.14,yes,L-Rhamnose ketol-isomerase,"-1:cpd00396:0:0:""L-Rhamnose"";1:cpd00642:0:0:""L-Rhamnulose""",=
,,rxn01775,R02454,NAD + D-Mannonate <=> NADH + H+ + D-Fructuronate,WP_049589016.1,1.1.1.57,yes,D-Mannonate:NAD+ 5-oxidoreductase,"-1:cpd00003:0:0:""NAD"";-1:cpd00403:0:0:""D-Mannonate"";1:cpd00004:0:0:""NADH"";1:cpd00067:0:0:""H+"";1:cpd00672:0:0:""D-Fructuronate""",=
,,rxn01825,R02519,O2 + Homogentisate => H+ + 4-Maleylacetoacetate,WP_049588791.1,1.13.11.5,yes,"Homogentisate:oxygen 1,2-oxidoreductase (decyclizing)","-1:cpd00007:0:0:""O2"";-1:cpd00426:0:0:""Homogentisate"";1:cpd00067:0:0:""H+"";1:cpd00763:0:0:""4-Maleylacetoacetate""",>
,,rxn01827,R02521,O2 + p-hydroxyphenylpyruvate => CO2 + Homogentisate,WP_014978916.1,1.13.11.27,yes,"4-Hydroxyphenylpyruvate:oxygen oxidoreductase (hydroxylating,decarboxylating)","-1:cpd00007:0:0:""O2"";-1:cpd00868:0:0:""p-hydroxyphenylpyruvate"";1:cpd00011:0:0:""CO2"";1:cpd00426:0:0:""Homogentisate""",>
,,rxn01851,R02549,H2O + NAD + 4-Aminobutanal <=> NADH + (2) H+ + GABA,WP_014950684.1,1.2.1.19;1.2.1.-;1.2.1.3,yes,4-aminobutanal:NAD+ 1-oxidoreductase,"-1:cpd00001:0:0:""H2O"";-1:cpd00003:0:0:""NAD"";-1:cpd00434:0:0:""4-Aminobutanal"";1:cpd00004:0:0:""NADH"";2:cpd00067:0:0:""H+"";1:cpd00281:0:0:""GABA""",=
,,rxn01872,R02570,Succinyl-CoA + Dihydrolipoamide <=> CoA + S-Succinyldihydrolipoamide,WP_014949449.1,2.3.1.61,yes,succinyl-CoA:enzyme N6-(dihydrolipoyl)lysine S-succinyltransferase,"-1:cpd00078:0:0:""Succinyl-CoA"";-1:cpd00449:0:0:""Dihydrolipoamide"";1:cpd00010:0:0:""CoA"";1:cpd00860:0:0:""S-Succinyldihydrolipoamide""",=
,,rxn01925,R02662,Dihydrolipoamide + Isobutyryl-CoA <=> CoA + S-(2-Methylpropionyl)-dihydrolipoamide,WP_049586270.1,2.3.1.168,yes,2-methylpropanoyl-CoA:enzyme N6-(dihydrolipoyl)lysine S-(2-methylpropanoyl)transferase,"-1:cpd00449:0:0:""Dihydrolipoamide"";-1:cpd00481:0:0:""Isobutyryl-CoA"";1:cpd00010:0:0:""CoA"";1:cpd02700:0:0:""S-(2-Methylpropionyl)-dihydrolipoamide""",=
,,rxn02085,R02914,4-Imidazolone-5-propanoate <= H2O + Urocanate,WP_049589035.1,4.2.1.49,yes,"4,5-Dihydro-4-oxo-5-imidazolepropanoate hydro-lyase","-1:cpd02311:0:0:""4-Imidazolone-5-propanoate"";1:cpd00001:0:0:""H2O"";1:cpd00581:0:0:""Urocanate""",=
,,rxn02143,R02990,Succinyl-CoA + 3-Oxoadipate <= Succinate + 3-Oxoadipyl-CoA,WP_049586255.1;WP_049586254.1,2.8.3.6,yes,Succinyl-CoA:3-oxoadipate CoA-transferase,"-1:cpd00078:0:0:""Succinyl-CoA"";-1:cpd00630:0:0:""3-Oxoadipate"";1:cpd00036:0:0:""Succinate"";1:cpd01507:0:0:""3-Oxoadipyl-CoA""",=
,,rxn02144,R02991,H2O + 3-oxoadipate-enol-lactone => H+ + 3-Oxoadipate,WP_197047984.1,3.1.1.24,yes,4-carboxymethylbut-3-en-4-olide enol-lactonohydrolase,"-1:cpd00001:0:0:""H2O"";-1:cpd02255:0:0:""3-oxoadipate-enol-lactone"";1:cpd00067:0:0:""H+"";1:cpd00630:0:0:""3-Oxoadipate""",=
,,rxn02167,R03026,(S)-3-Hydroxybutyryl-CoA <=> H2O + Crotonyl-CoA,WP_014976911.1;VTP51252.1;WP_049588521.1;WP_049588754.1,4.2.1.17;1.1.1.35;4.2.1.-;4.2.1.55,yes,(S)-3-Hydroxybutanoyl-CoA hydro-lyase,"-1:cpd00842:0:0:""(S)-3-Hydroxybutyryl-CoA"";1:cpd00001:0:0:""H2O"";1:cpd00650:0:0:""Crotonyl-CoA""",=
,,rxn02276,R03181,4-Maleylacetoacetate <=> Fumarylacetoacetate,WP_014975930.1,5.2.1.2,yes,4-Maleylacetoacetate cis-trans-isomerase,"-1:cpd00763:0:0:""4-Maleylacetoacetate"";1:cpd00780:0:0:""Fumarylacetoacetate""",=
,,rxn02314,R03236,"ATP + D-Tagatose 6-phosphate => ADP + H+ + D-Tagatose 1,6-biphosphate",WP_049586246.1,2.7.1.11;2.7.1.144;2.7.1.56,yes,ATP:D-tagatose-6-phosphate 1-phosphotransferase,"-1:cpd00002:0:0:""ATP"";-1:cpd00805:0:0:""D-Tagatose 6-phosphate"";1:cpd00008:0:0:""ADP"";1:cpd00067:0:0:""H+"";1:cpd02371:0:0:""D-Tagatose 1,6-biphosphate""",=
,,rxn02373,R03313,NADP + Phosphate + L-Glutamate5-semialdehyde <=> NADPH + H+ + L-Glutamyl 5-phosphate,WP_039229394.1,1.2.1.41,yes,L-glutamate-5-semialdehyde:NADP+ 5-oxidoreductase (phosphorylating),"-1:cpd00006:0:0:""NADP"";-1:cpd00009:0:0:""Phosphate"";-1:cpd00858:0:0:""L-Glutamate5-semialdehyde"";1:cpd00005:0:0:""NADPH"";1:cpd00067:0:0:""H+"";1:cpd02097:0:0:""L-Glutamyl 5-phosphate""",<
,,rxn02376,R03316,Lipoamide + 3-Carboxy-1-hydroxypropyl-ThPP <=> TPP + S-Succinyldihydrolipoamide,WP_049588626.1,1.2.4.2,yes,R03316,"-1:cpd00213:0:0:""Lipoamide"";-1:cpd03189:0:0:""3-Carboxy-1-hydroxypropyl-ThPP"";1:cpd00056:0:0:""TPP"";1:cpd00860:0:0:""S-Succinyldihydrolipoamide""",=
,,rxn02804,R03991,Acetyl-CoA + Myristoyl-CoA <=> CoA + 3-Oxopalmitoyl-CoA,WP_049585851.1,2.3.1.16;2.3.1.155,yes,myristoyl-CoA:acetylCoA C-myristoyltransferase,"-1:cpd00022:0:0:""Acetyl-CoA"";-1:cpd01695:0:0:""Myristoyl-CoA"";1:cpd00010:0:0:""CoA"";1:cpd03114:0:0:""3-Oxopalmitoyl-CoA""",=
,,rxn02889,R04138,ATP + H2CO3 + Dimethylacryloyl-CoA <=> ADP + Phosphate + H+ + 3-Methylglutaconyl-CoA,WP_049586517.1;WP_049586521.1,6.4.1.4,yes,3-Methylcrotonoyl-CoA:carbon-dioxide ligase (ADP-forming),"-1:cpd00002:0:0:""ATP"";-1:cpd00242:0:0:""H2CO3"";-1:cpd01966:0:0:""Dimethylacryloyl-CoA"";1:cpd00008:0:0:""ADP"";1:cpd00009:0:0:""Phosphate"";1:cpd00067:0:0:""H+"";1:cpd02068:0:0:""3-Methylglutaconyl-CoA""",>
,,rxn02927,R04189,(2) H2O + (2) H+ + N2-Succinyl-L-arginine => CO2 + (2) NH3 + N2-Succinyl-L-ornithine,WP_049589115.1,3.5.3.23;2.6.1.69,yes,N2-succinyl-L-arginine iminohydrolase (decarboxylating),"-2:cpd00001:0:0:""H2O"";-2:cpd00067:0:0:""H+"";-1:cpd02103:0:0:""N2-Succinyl-L-arginine"";1:cpd00011:0:0:""CO2"";2:cpd00013:0:0:""NH3"";1:cpd02160:0:0:""N2-Succinyl-L-ornithine""",>
,,rxn02933,R04203,NAD + 2-methyl-3-hydroxy-butyryl-CoA <=> NADH + H+ + 2-Methylacetoacetyl-CoA,WP_049588754.1;WP_049588707.1;WP_049588521.1;VTP51252.1,1.1.1.35;1.1.1.178,yes,"(2S,3S)-3-hydroxy-2-methylbutanoyl-CoA:NAD+ oxidoreductase","-1:cpd00003:0:0:""NAD"";-1:cpd02691:0:0:""2-methyl-3-hydroxy-butyryl-CoA"";1:cpd00004:0:0:""NADH"";1:cpd00067:0:0:""H+"";1:cpd02124:0:0:""2-Methylacetoacetyl-CoA""",=
,,rxn02944,R04217,2-Oxoglutarate + N2-Succinyl-L-ornithine <=> L-Glutamate + N-Succinyl-L-glutamate 5-semialdehyde,WP_049588781.1,2.6.1.81;2.6.1.13,yes,N2-succinyl-L-ornithine:2-oxoglutarate 5-aminotransferase,"-1:cpd00024:0:0:""2-Oxoglutarate"";-1:cpd02160:0:0:""N2-Succinyl-L-ornithine"";1:cpd00023:0:0:""L-Glutamate"";1:cpd03526:0:0:""N-Succinyl-L-glutamate 5-semialdehyde""",=
,,rxn02949,R04224,H2O + Methacrylyl-CoA <=> (S)-3-Hydroxyisobutyryl-CoA,WP_014976911.1;WP_049588521.1;VTP51252.1,4.2.1.17,yes,(S)-3-Hydroxyisobutyryl-CoA hydro-lyase,"-1:cpd00001:0:0:""H2O"";-1:cpd02187:0:0:""Methacrylyl-CoA"";1:cpd03572:0:0:""(S)-3-Hydroxyisobutyryl-CoA""",=
,,rxn03004,R04325,10-Formyltetrahydrofolate + GAR => H+ + Tetrahydrofolate + N-Formyl-GAR,WP_014979424.1;WP_049585742.1,2.1.2.2,yes,10-Formyltetrahydrofolate:5'-phosphoribosylglycinamide formyltransferase,"-1:cpd00201:0:0:""10-Formyltetrahydrofolate"";-1:cpd02394:0:0:""GAR"";1:cpd00067:0:0:""H+"";1:cpd00087:0:0:""Tetrahydrofolate"";1:cpd02678:0:0:""N-Formyl-GAR""",=
,,rxn03061,R04425,Methylisocitrate <=> H2O + cis-2-Methylaconitate,WP_049587064.1,4.2.1.99,yes,"(2S,3R)-3-Hydroxybutane-1,2,3-tricarboxylate hydro-lyase","-1:cpd02799:0:0:""Methylisocitrate"";1:cpd00001:0:0:""H2O"";1:cpd02597:0:0:""cis-2-Methylaconitate""",=
,,rxn03137,R04560,10-Formyltetrahydrofolate + AICAR => Tetrahydrofolate + FAICAR,WP_049585742.1,2.1.2.3,yes,10-Formyltetrahydrofolate:5'-phosphoribosyl-5-amino-4-imidazolecarboxamide formyltransferase,"-1:cpd00201:0:0:""10-Formyltetrahydrofolate"";-1:cpd02851:0:0:""AICAR"";1:cpd00087:0:0:""Tetrahydrofolate"";1:cpd02884:0:0:""FAICAR""",=
,,rxn03239,R04737,NAD + (S)-3-Hydroxyhexadecanoyl-CoA <=> NADH + H+ + 3-Oxopalmitoyl-CoA,WP_049588754.1,1.1.1.35;1.1.1.211,yes,(S)-3-Hydroxyhexadecanoyl-CoA:NAD+ oxidoreductase,"-1:cpd00003:0:0:""NAD"";-1:cpd03113:0:0:""(S)-3-Hydroxyhexadecanoyl-CoA"";1:cpd00004:0:0:""NADH"";1:cpd00067:0:0:""H+"";1:cpd03114:0:0:""3-Oxopalmitoyl-CoA""",=
,,rxn03240,R04738,(S)-3-Hydroxyhexadecanoyl-CoA <=> H2O + (2E)-Hexadecenoyl-CoA,WP_014976911.1;WP_049588521.1;VTP51252.1,4.2.1.17;4.2.1.74,yes,(S)-3-Hydroxyhexadecanoyl-CoA hydro-lyase,"-1:cpd03113:0:0:""(S)-3-Hydroxyhexadecanoyl-CoA"";1:cpd00001:0:0:""H2O"";1:cpd03126:0:0:""(2E)-Hexadecenoyl-CoA""",=
,,rxn03422,R05049,H2O + NAD + N-Succinyl-L-glutamate 5-semialdehyde <=> NADH + (2) H+ + N-Succinyl-L-glutamate,WP_049588782.1,1.2.1.71;1.2.1.-,yes,N-succinyl-L-glutamate 5-semialdehyde:NAD+ oxidoreductase,"-1:cpd00001:0:0:""H2O"";-1:cpd00003:0:0:""NAD"";-1:cpd03526:0:0:""N-Succinyl-L-glutamate 5-semialdehyde"";1:cpd00004:0:0:""NADH"";2:cpd00067:0:0:""H+"";1:cpd03525:0:0:""N-Succinyl-L-glutamate""",=
,,rxn03433,R05064,H2O + (S)-3-Hydroxyisobutyryl-CoA => CoA + H+ + 3-Hydroxyisobutyrate,WP_049586236.1,3.1.2.4,yes,(S)-3-Hydroxyisobutyryl-CoA hydrolase,"-1:cpd00001:0:0:""H2O"";-1:cpd03572:0:0:""(S)-3-Hydroxyisobutyryl-CoA"";1:cpd00010:0:0:""CoA"";1:cpd00067:0:0:""H+"";1:cpd00876:0:0:""3-Hydroxyisobutyrate""",>
,,rxn03504,R05168,H2O + N-Acetyl-D-galactosamine 6-phosphate <=> Acetate + D-Galactosamine 6-phosphate,WP_049585927.1,3.5.1.25,yes,N-acetyl-D-galactosamine 6-phosphate amidohydrolase,"-1:cpd00001:0:0:""H2O"";-1:cpd03812:0:0:""N-Acetyl-D-galactosamine 6-phosphate"";1:cpd00029:0:0:""Acetate"";1:cpd03813:0:0:""D-Galactosamine 6-phosphate""",=
,,rxn04453,R06601,"H2O + 5-Hydroxyisourate => H+ + 5-Hydroxy-2-oxo-4-ureido-2,5-dihydro-1H-imidazole-5-carboxylate",WP_014976192.1,3.5.2.17,yes,5-hydroxyisourate amidohydrolase,"-1:cpd00001:0:0:""H2O"";-1:cpd08625:0:0:""5-Hydroxyisourate"";1:cpd00067:0:0:""H+"";1:cpd09027:0:0:""5-Hydroxy-2-oxo-4-ureido-2,5-dihydro-1H-imidazole-5-carboxylate""",=
,,rxn04954,R07168,NAD + 5-Methyltetrahydrofolate <=> NADH + H+ + 5-10-Methylenetetrahydrofolate,WP_014950980.1,1.5.1.54;1.5.1.20,yes,5-methyltetrahydrofolate:NAD+ oxidoreductase,"-1:cpd00003:0:0:""NAD"";-1:cpd00345:0:0:""5-Methyltetrahydrofolate"";1:cpd00004:0:0:""NADH"";1:cpd00067:0:0:""H+"";1:cpd00125:0:0:""5-10-Methylenetetrahydrofolate""",=
,,rxn07434,R07603,TPP + H+ + 3MOP => CO2 + 2-Methyl-1-hydroxybutyl-TPP,WP_049586267.1;WP_049586269.1,1.2.4.4,yes,R07603,"-1:cpd00056:0:0:""TPP"";-1:cpd00067:0:0:""H+"";-1:cpd00508:0:0:""3MOP"";1:cpd00011:0:0:""CO2"";1:cpd14702:0:0:""2-Methyl-1-hydroxybutyl-TPP""",=
,,rxn15021,R00226,CO2 + (S)-2-Acetolactate <= (2) Pyruvate + H+,WP_049588309.1;WP_014975513.1,2.2.1.6;4.1.3.18,yes,pyruvate:pyruvate acetaldehydetransferase (decarboxylating),"-1:cpd00011:0:0:""CO2"";-1:cpd19047:0:0:""(S)-2-Acetolactate"";2:cpd00020:0:0:""Pyruvate"";1:cpd00067:0:0:""H+""",<
,,rxn15466,R04439,"NADP + (R)-2,3-Dihydroxy-3-methylbutanoate <=> NADPH + H+ + (S)-2-Acetolactate",WP_014951396.1,1.1.1.86,yes,"(R)-2,3-Dihydroxy-3-methylbutanoate:NADP+ oxidoreductase (isomerizing)","-1:cpd00006:0:0:""NADP"";-1:cpd19030:0:0:""(R)-2,3-Dihydroxy-3-methylbutanoate"";1:cpd00005:0:0:""NADPH"";1:cpd00067:0:0:""H+"";1:cpd19047:0:0:""(S)-2-Acetolactate""",=
,,rxn16149,R09289,NADP + Hydracrylic acid <=> NADPH + H+ + 3-Oxopropanoate,WP_049586946.1,1.1.1.-;1.1.1.298,yes,3-hydroxypropionate:NADP+ oxidoreductase,"-1:cpd00006:0:0:""NADP"";-1:cpd00745:0:0:""Hydracrylic acid"";1:cpd00005:0:0:""NADPH"";1:cpd00067:0:0:""H+"";1:cpd00191:0:0:""3-Oxopropanoate""",=
,,rxn16776,R09936,O2 + Uracil + FMNH2 => FMN + (Z)-3-Ureidoacrylate peracid,WP_049586948.1;WP_014950775.1,1.14.99.46,yes,"uracil,FMNH2:oxygen oxidoreductase (uracil hydroxylating, ring-opening)","-1:cpd00007:0:0:""O2"";-1:cpd00092:0:0:""Uracil"";-1:cpd01270:0:0:""FMNH2"";1:cpd00050:0:0:""FMN"";1:cpd21464:0:0:""(Z)-3-Ureidoacrylate peracid""",>
,,rxn16794,R09947,H2O + (Z)-3-Ureidoacrylate peracid <=> H+ + Carbamate + (Z)-3-Peroxyaminoacrylate,VTP55439.1,3.5.1.110;3.5.1.-,yes,(Z)-3-ureidoacrylate-peracid amidohydrolase,"-1:cpd00001:0:0:""H2O"";-1:cpd21464:0:0:""(Z)-3-Ureidoacrylate peracid"";1:cpd00067:0:0:""H+"";1:cpd01101:0:0:""Carbamate"";1:cpd21482:0:0:""(Z)-3-Peroxyaminoacrylate""",=
,,rxn16829,R09983,H2O + H+ + Aminoacrylate => NH3 + 3-Oxopropanoate,WP_197047984.1,3.5.1.-,yes,R09983,"-1:cpd00001:0:0:""H2O"";-1:cpd00067:0:0:""H+"";-1:cpd21486:0:0:""Aminoacrylate"";1:cpd00013:0:0:""NH3"";1:cpd00191:0:0:""3-Oxopropanoate""",=
